linh_vuc_goc,the_loai_chuan
Bảo vệ thực vật,Nông nghiệp và thú y
Bệnh học thuỷ sản,Nông nghiệp và thú y
Bệnh về khớp,Y dược và sức khỏe
CHĂN NUÔI,Nông nghiệp và thú y
CÁC KHOA HỌC TRÁI ĐẤT VÀ MÔI TRƯỜNG LIÊN QUAN,Địa lý và môi trường
Các khoa học môi trường,Địa lý và môi trường
Các vấn đề khoa học giáo dục khác,Giáo dục học
Cây lương thực và cây thực phẩm,Nông nghiệp và thú y
"Da liễu, Hoa liễu",Y dược và sức khỏe
"Da liễu, Hoa liễu, Điều dưỡng",Y dược và sức khỏe
Di truyền và nhân giống động vật nuôi,Nông nghiệp và thú y
Dinh dưỡng; Khoa học về ăn kiêng,Y dược và sức khỏe
DƯỢC HỌC,Y dược và sức khỏe
Dịch tễ học,Y dược và sức khỏe
HOÁ HỌC,Hóa học
Hoá hữu cơ,Hóa học
Hoá lý,Hóa học
Hóa phân tích,Hóa học
Hệ tim mạch,Y dược và sức khỏe
KHOA HỌC CHÍNH TRỊ,Khoa học chính trị
KHOA HỌC GIÁO DỤC,Giáo dục học
"KHOA HỌC GIÁO DỤC, Ngôn ngữ học ứng dụng",Giáo dục học
KHOA HỌC MÁY TÍNH VÀ THÔNG TIN,Công nghệ thông tin
KHOA HỌC NHÂN VĂN,Khoa học xã hội và nhân văn
KHOA HỌC NHÂN VĂN KHÁC,Khoa học xã hội và nhân văn
KHOA HỌC NÔNG NGHIỆP,Nông nghiệp và thú y
KHOA HỌC NÔNG NGHIỆP KHÁC,Nông nghiệp và thú y
"KHOA HỌC NÔNG NGHIỆP, Bảo vệ thực vật",Nông nghiệp và thú y
KHOA HỌC TỰ NHIÊN,Khoa học tự nhiên
KHOA HỌC XÃ HỘI,Khoa học xã hội và nhân văn
KHOA HỌC XÃ HỘI KHÁC,Khoa học xã hội và nhân văn
KINH TẾ VÀ KINH DOANH,Kinh tế và quản trị
Khoa học chính trị,Khoa học chính trị
"Khoa học giáo dục học nói chung, bao gồm cả đào tạo, sư phạm học, lý luận giáo dục,..",Giáo dục học
Khoa học máy tính,Công nghệ thông tin
Khoa học trái đất và khoa học môi trường liên quan khác,Địa lý và môi trường
Khoa học vật lý khác,Vật lý
Khoa học về chăm sóc sức khoẻ và dịch vụ y tế,Y dược và sức khỏe
Kinh doanh và quản lý,Kinh tế và quản trị
KỸ THUẬT THỰC PHẨM VÀ ĐỒ UỐNG,Kỹ thuật và công nghệ
"KỸ THUẬT ĐIỆN, KỸ THUẬT ĐIỆN TỬ, KỸ THUẬT THÔNG TIN",Kỹ thuật và công nghệ
Kỹ thuật xây dựng,Kỹ thuật và công nghệ
Kỹ thuật điện và điện tử,Kỹ thuật và công nghệ
Luật học,Luật học
LÂM NGHIỆP,Nông nghiệp và thú y
Lịch sử Việt Nam,Lịch sử và văn hóa
Miễn dịch học,Y dược và sức khỏe
NGÔN NGỮ HỌC VÀ VĂN HỌC,Ngôn ngữ và văn học
Nghiên cứu ngôn ngữ khác,Ngôn ngữ và văn học
Ngoại khoa,Y dược và sức khỏe
Ngôn ngữ học ứng dụng,Ngôn ngữ và văn học
Nha khoa và phẫu thuật miệng,Y dược và sức khỏe
Nhi khoa,Y dược và sức khỏe
Nông hoá,Nông nghiệp và thú y
PHÁP LUẬT,Luật học
SINH HỌC,Sinh học
Sinh học lý thuyết,Sinh học
THUỶ SẢN,Nông nghiệp và thú y
THÚ Y,Nông nghiệp và thú y
TOÁN HỌC VÀ THỐNG KÊ,Toán học và thống kê
"Thuỷ văn; Tài nguyên nước, KHOA HỌC TỰ NHIÊN KHÁC, Viễn thám, Nuôi trồng thuỷ sản, Hệ sinh thái và đánh giá nguồn lợi thuỷ sản",Nông nghiệp và thú y
"Thần kinh học, Nội tiết và chuyển hoá",Y dược và sức khỏe
Thống kê,Toán học và thống kê
Toán học cơ bản,Toán học và thống kê
"Toán học cơ bản, Toán học ứng dụng",Toán học và thống kê
Trắc địa học và bản đồ học,Địa lý và môi trường
"Tâm thần học, Thần kinh học lâm sàng",Y dược và sức khỏe
"Tâm thần học, Tâm lý học khác",Y dược và sức khỏe
Tội phạm học,Luật học
VẬT LÝ,Vật lý
XÃ HỘI HỌC,Khoa học xã hội và nhân văn
Xã hội học khác,Khoa học xã hội và nhân văn
Y HỌC CƠ SỞ,Y dược và sức khỏe
Y HỌC LÂM SÀNG,Y dược và sức khỏe
Y TẾ,Y dược và sức khỏe
Y học dân tộc; y học cổ truyền,Y dược và sức khỏe
Y học tổng hợp và nội khoa,Y dược và sức khỏe
"Y học, y tế và dược chưa xếp vào mục nào khác",Y dược và sức khỏe
Đa dạng sinh học,Sinh học
Điều dưỡng,Y dược và sức khỏe
Điều trị tích cực và hồi sức cấp cứu,Y dược và sức khỏe
ĐỊA LÝ KINH TẾ VÀ XÃ HỘI,Địa lý và môi trường
Địa hóa học,Địa lý và môi trường
