source_id,title,author,publisher,publication_year,book_type,subject,isbn_raw,isbn_normalized,isbn_checksum_valid,source_url,source_page,original_title,original_author,original_subject,original_publisher,original_isbn_raw,original_publication_year,research_status,research_sources,research_notes,isbn_status,original_isbn_checksum_valid,isbn,category,scope,language_note,issues,normalization_notes,duplicate_of,related_source_ids,status,decision_reason
6043,Phương Pháp dạy học Mĩ thuật ở Tiểu học,Phạm Diệu Linh (Chủ biên),,2026,Giáo trình,KHOA HỌC GIÁO DỤC,,,false,https://csdlkhoahoc.hueuni.edu.vn/index.php/book/detail/6043,1,Phương Pháp dạy học Mĩ thuật ở Tiểu học,Phạm Diệu Linh(Chủ biên),KHOA HỌC GIÁO DỤC,,,2026,CHECKED_UNRESOLVED,https://csdlkhoahoc.hueuni.edu.vn/index.php/book/detail/6043,Đã đọc lại nguồn Đại học Huế và tra mục lục Thư viện Quốc gia; chưa đủ căn cứ bổ sung các trường còn thiếu cho đúng ấn bản.,MISSING,,,Giáo dục học,UNIVERSITY_CANDIDATE,Ưu tiên tiếng Việt; ngôn ngữ ấn bản chưa được xác minh,ISBN_MISSING;MISSING_PUBLISHER,,,6043,REVIEW,"Cần kiểm tra: ISBN_MISSING, MISSING_PUBLISHER"
6020,Giáo trình Dữ liệu Liên kết,"Nguyễn Văn Trung (Chủ biên), Hoàng Nguyễn Tuấn Minh, Nguyễn Hoàng Hà",NXB Đại học Huế,2026,Giáo trình,KHOA HỌC MÁY TÍNH VÀ THÔNG TIN,,,false,https://csdlkhoahoc.hueuni.edu.vn/index.php/book/detail/6020,1,Giáo tình Dữ liệu Liên kết,"Nguyễn Văn Trung(Chủ biên),Hoàng Nguyễn Tuấn Minh,Nguyễn Hoàng Hà",KHOA HỌC MÁY TÍNH VÀ THÔNG TIN,,,2026,VERIFIED_UPDATE,https://csdlkhoahoc.hueuni.edu.vn/index.php/book/detail/6020; https://csdlkhoahoc.hueuni.edu.vn/data/2026/9/GiaoTrinhLinkedData.pdf,"Trang tên của tệp đính kèm ghi NXB Đại học Huế, 2026. Không thấy ISBN trong phần biên mục; giữ thiếu ISBN, mã GT/12-2026 không phải ISBN.",MISSING,,,Công nghệ thông tin,UNIVERSITY_CANDIDATE,Ưu tiên tiếng Việt; ngôn ngữ ấn bản chưa được xác minh,ISBN_MISSING,Sửa lỗi gõ theo bản ghi trùng/ảnh trang tên đã đối chiếu,,6020,REVIEW,Cần kiểm tra: ISBN_MISSING
5994,Giáo dục học 1,"Nguyễn Thanh Hùng (Chủ biên), Phan Minh Tiến, Trần Văn Hiếu, Phạm Thị Thúy Hằng, Nguyễn Thị Hà, Mai Thị Thanh Thủy, Đinh Thị Phương Loan, Nguyễn Thanh Bình",NXB Đại học Huế,2026,Giáo trình,KHOA HỌC GIÁO DỤC,Giao,,false,https://csdlkhoahoc.hueuni.edu.vn/index.php/book/detail/5994,1,Giáo dục học 1,"Nguyễn Thanh Hùng(Chủ biên),Phan Minh Tiến,Trần Văn Hiếu,Phạm Thị Thúy Hằng,Nguyễn Thị Hà,Mai Thị Thanh Thủy,Đinh Thị Phương Loan,Nguyễn Thanh Bình",KHOA HỌC GIÁO DỤC,NXB Đại học Huế,Giao,2026,CHECKED_UNRESOLVED,https://csdlkhoahoc.hueuni.edu.vn/index.php/book/detail/5994,Đã đọc lại nguồn Đại học Huế và tra mục lục Thư viện Quốc gia; chưa đủ căn cứ bổ sung các trường còn thiếu cho đúng ấn bản.,MISSING,,,Giáo dục học,UNIVERSITY_CANDIDATE,Ưu tiên tiếng Việt; ngôn ngữ ấn bản chưa được xác minh,ISBN_MISSING,,,5994,REVIEW,Cần kiểm tra: ISBN_MISSING
6052,Giáo trình Chính trị học đại cương,Nguyễn Thế Phúc (Chủ biên),NXB Đại học Thái Nguyên,2026,Giáo trình,KHOA HỌC CHÍNH TRỊ,9786043507553,9786043507553,true,https://csdlkhoahoc.hueuni.edu.vn/index.php/book/detail/6052,1,Giáo trình Chính trị học đại cương,Nguyễn Thế Phúc(Chủ biên),KHOA HỌC CHÍNH TRỊ,NXB Đại học Thái Nguyên,9786043507553,2026,CHECKED_UNRESOLVED,https://csdlkhoahoc.hueuni.edu.vn/index.php/book/detail/6052,Đã đọc lại nguồn Đại học Huế và tra mục lục Thư viện Quốc gia; chưa đủ căn cứ bổ sung các trường còn thiếu cho đúng ấn bản.,VALID,true,9786043507553,Khoa học chính trị,UNIVERSITY_CANDIDATE,Ưu tiên tiếng Việt; ngôn ngữ ấn bản chưa được xác minh,AUTHOR_METADATA_REVIEW,,,6054;6052,REVIEW,Cần kiểm tra: AUTHOR_METADATA_REVIEW
6028,Giáo trình Chẩn đoán hình ảnh,"Nguyễn Thanh Thảo (Chủ biên), Hà Thị Hiền, Hoàng Thị Ngọc Hà, Trần Thị Sông Hương, Lê Trọng Bỉnh, Hoàng Trung Hiếu, Lê Minh Tuấn, Văn Nữ Thuỳ Linh, Phan Thị Thanh Hương, Nguyễn Thị Hiền, Nguyễn Hoàng Minh, Trần Thị Mỹ Huyền",NXB Đại học Huế,2026,Giáo trình,"Y học, y tế và dược chưa xếp vào mục nào khác",,,false,https://csdlkhoahoc.hueuni.edu.vn/index.php/book/detail/6028,2,Giáo trình Chẩn đoán hình ảnh,"Nguyễn Thanh Thảo(Chủ biên),Hà Thị Hiền,Hoàng Thị Ngọc Hà,Trần Thị Sông Hương,Lê Trọng Bỉnh,Hoàng Trung Hiếu,Lê Minh Tuấn,Văn Nữ Thuỳ Linh,Phan Thị Thanh Hương,Nguyễn Thị Hiền,Nguyễn Hoàng Minh,Trần Thị Mỹ Huyền","Y học, y tế và dược chưa xếp vào mục nào khác",NXB Đại học Huế,,2026,CHECKED_UNRESOLVED,https://csdlkhoahoc.hueuni.edu.vn/index.php/book/detail/6028,Đã đọc lại nguồn Đại học Huế và tra mục lục Thư viện Quốc gia; chưa đủ căn cứ bổ sung các trường còn thiếu cho đúng ấn bản.,MISSING,,,Y dược và sức khỏe,UNIVERSITY_CANDIDATE,Ưu tiên tiếng Việt; ngôn ngữ ấn bản chưa được xác minh,ISBN_MISSING,,,6028,REVIEW,Cần kiểm tra: ISBN_MISSING
5931,Public International Law 2,Hồ Nhân Ái (Chủ biên),,2026,Giáo trình,PHÁP LUẬT,978-632-627-278-9,9786326272789,true,https://csdlkhoahoc.hueuni.edu.vn/index.php/book/detail/5931,2,Public International Law 2,Hồ Nhân Ái(Chủ biên),PHÁP LUẬT,,978-632-627-278-9,2026,CHECKED_UNRESOLVED,https://csdlkhoahoc.hueuni.edu.vn/index.php/book/detail/5931,Đã đọc lại nguồn Đại học Huế và tra mục lục Thư viện Quốc gia; chưa đủ căn cứ bổ sung các trường còn thiếu cho đúng ấn bản.,VALID,true,9786326272789,Luật học,UNIVERSITY_CANDIDATE,Ưu tiên tiếng Việt; ngôn ngữ ấn bản chưa được xác minh,MISSING_PUBLISHER,,,5931,REVIEW,Cần kiểm tra: MISSING_PUBLISHER
6072,Hệ chuyển hóa học,"Nguyễn Hoàng Lộc (Chủ biên), Lê Thị Hà Thanh, Nguyễn Hoàng Tuệ",,2026,Giáo trình,SINH HỌC,,,false,https://csdlkhoahoc.hueuni.edu.vn/index.php/book/detail/6072,2,Hệ chuyển hóa học,"Nguyễn Hoàng Lộc(Chủ biên),Lê Thị Hà Thanh,Nguyễn Hoàng Tuệ",SINH HỌC,,,2026,CHECKED_UNRESOLVED,https://csdlkhoahoc.hueuni.edu.vn/index.php/book/detail/6072,Đã đọc lại nguồn Đại học Huế và tra mục lục Thư viện Quốc gia; chưa đủ căn cứ bổ sung các trường còn thiếu cho đúng ấn bản.,MISSING,,,Sinh học,UNIVERSITY_CANDIDATE,Ưu tiên tiếng Việt; ngôn ngữ ấn bản chưa được xác minh,ISBN_MISSING;MISSING_PUBLISHER,,,6072,REVIEW,"Cần kiểm tra: ISBN_MISSING, MISSING_PUBLISHER"
6024,Châm cứu học (Dành cho sinh viên ngành Y học cổ truyền hệ chính quy),"Đoàn Văn Minh (Chủ biên), Trần Nhật Minh, Nguyễn Văn Hưng, Nguyễn Thị Tân, Phạm Thị Xuân Mai, Nguyễn Thị Hương Lam, Nguyễn Viết Phương Nguyên, Nguyễn Thị Kim Liên, Trương Thanh Tú, Châu Văn Hảo, Nguyễn Quang Tâm, Lê Thị Minh Thảo, Nguyễn Thị Anh, Đoàn Văn Hân, Lê Công Hậu, Lê Thị Khánh Ly",NXB Đại học Huế,2026,Giáo trình,Y học dân tộc; y học cổ truyền,978-632-627-216-1,9786326272161,true,https://csdlkhoahoc.hueuni.edu.vn/index.php/book/detail/6024,3,Châm cứu học (Dành cho sinh viên ngành Y học cổ truyền hệ chính quy),"Đoàn Văn Minh(Chủ biên),Trần Nhật Minh,Nguyễn Văn Hưng,Nguyễn Thị Tân,Phạm Thị Xuân Mai,Nguyễn Thị Hương Lam,Nguyễn Viết Phương Nguyên,Nguyễn Thị Kim Liên,Trương Thanh Tú,Châu Văn Hảo,Nguyễn Quang Tâm,Lê Thị Minh Thảo,Nguyễn Thị Anh, Đoàn Văn Hân, Lê Công Hậu, Lê Thị Khánh Ly",Y học dân tộc; y học cổ truyền,NXB Đại học Huế,978-632-627-216-1,2026,CHECKED_UNRESOLVED,https://csdlkhoahoc.hueuni.edu.vn/index.php/book/detail/6024; https://opac.nlv.gov.vn/chi-tiet-tai-lieu/giao-trinh-cham-cuu-hoc-202611304110813201203,"Thư viện Quốc gia xác nhận ISBN, năm 2026 và chủ biên Đoàn Văn Minh. Hồ sơ 6018 chỉ kê một người tham gia; giữ danh sách đầy đủ của 6024. Vẫn vướng giới hạn 255 ký tự, không cắt tác giả.",VALID,true,9786326272161,Y dược và sức khỏe,UNIVERSITY_CANDIDATE,Ưu tiên tiếng Việt; ngôn ngữ ấn bản chưa được xác minh,TOO_LONG_AUTHOR,,,6024;6018,REVIEW,Cần kiểm tra: TOO_LONG_AUTHOR
5829,Sử dụng phương tiện trực quan trong dạy học môn Lịch sử và Địa lí Trung học cơ sở,Nguyễn Đức Cương,NXB Đại học Huế.,2026,Giáo trình,"Khoa học giáo dục học nói chung, bao gồm cả đào tạo, sư phạm học, lý luận giáo dục,..",,,false,https://csdlkhoahoc.hueuni.edu.vn/index.php/book/detail/5829,3,Sử dụng phương tiện trực quan trong dạy học môn Lịch sử và Địa lí Trung học cơ sở,Nguyễn Đức Cương,"Khoa học giáo dục học nói chung, bao gồm cả đào tạo, sư phạm học, lý luận giáo dục,..",NXB Đại học Huế.,,2026,CHECKED_UNRESOLVED,https://csdlkhoahoc.hueuni.edu.vn/index.php/book/detail/5829,Đã đọc lại nguồn Đại học Huế và tra mục lục Thư viện Quốc gia; chưa đủ căn cứ bổ sung các trường còn thiếu cho đúng ấn bản.,MISSING,,,Giáo dục học,UNIVERSITY_CANDIDATE,Ưu tiên tiếng Việt; ngôn ngữ ấn bản chưa được xác minh,ISBN_MISSING,,,5829,REVIEW,Cần kiểm tra: ISBN_MISSING
6003,TIẾNG ANH CHUYÊN NGÀNH Y - DƯỢC,,,2026,Giáo trình,DƯỢC HỌC,,,false,https://csdlkhoahoc.hueuni.edu.vn/index.php/book/detail/6003,3,TIẾNG ANH CHUYÊN NGÀNH Y - DƯỢC,,DƯỢC HỌC,,,2026,CHECKED_UNRESOLVED,https://csdlkhoahoc.hueuni.edu.vn/index.php/book/detail/6003,Đã đọc lại nguồn Đại học Huế và tra mục lục Thư viện Quốc gia; chưa đủ căn cứ bổ sung các trường còn thiếu cho đúng ấn bản.,MISSING,,,Y dược và sức khỏe,UNIVERSITY_CANDIDATE,Ưu tiên tiếng Việt; ngôn ngữ ấn bản chưa được xác minh,ISBN_MISSING;MISSING_AUTHOR;MISSING_PUBLISHER,,,6003,REVIEW,"Cần kiểm tra: ISBN_MISSING, MISSING_AUTHOR, MISSING_PUBLISHER"
6070,Con người và sức khỏe,"Bùi Thị Chính (Chủ biên), Nguyễn Thị Tường Vy (Chủ biên), Nguyễn Thị Kim Cơ (Chủ biên), Trần Văn Giang (Chủ biên)",NXB Đại học Huế,2025,Giáo trình,SINH HỌC,,,false,https://csdlkhoahoc.hueuni.edu.vn/index.php/book/detail/6070,3,Con người và sức khỏe,"Bùi Thị Chính(Chủ biên),Nguyễn Thị Tường Vy(Chủ biên),Nguyễn Thị Kim Cơ(Chủ biên),Trần Văn Giang(Chủ biên)",SINH HỌC,NXB Đại học Huế,,2025,CHECKED_UNRESOLVED,https://csdlkhoahoc.hueuni.edu.vn/index.php/book/detail/6070,Đã đọc lại nguồn Đại học Huế và tra mục lục Thư viện Quốc gia; chưa đủ căn cứ bổ sung các trường còn thiếu cho đúng ấn bản.,MISSING,,,Sinh học,UNIVERSITY_CANDIDATE,Ưu tiên tiếng Việt; ngôn ngữ ấn bản chưa được xác minh,ISBN_MISSING,,,6070,REVIEW,Cần kiểm tra: ISBN_MISSING
6004,TIẾNG ANH CHUYÊN NGÀNH Y - DƯỢC,"Cái Ngọc Duy Anh, Nguyễn Thị Bích Hảo, Nguyễn Thị Diệu Phương, Nguyễn Phạm Thanh Vân, Nguyễn Thị Vân An, Trần Thị Lệ Ninh",,2025,Giáo trình,Y TẾ,,,false,https://csdlkhoahoc.hueuni.edu.vn/index.php/book/detail/6004,4,TIẾNG ANH CHUYÊN NGÀNH Y - DƯỢC,"Cái Ngọc Duy Anh,Nguyễn Thị Bích Hảo,Nguyễn Thị Diệu Phương,Nguyễn Phạm Thanh Vân,Nguyễn Thị Vân An,Trần Thị Lệ Ninh",Y TẾ,,,2025,CHECKED_UNRESOLVED,https://csdlkhoahoc.hueuni.edu.vn/index.php/book/detail/6004,Đã đọc lại nguồn Đại học Huế và tra mục lục Thư viện Quốc gia; chưa đủ căn cứ bổ sung các trường còn thiếu cho đúng ấn bản.,MISSING,,,Y dược và sức khỏe,UNIVERSITY_CANDIDATE,Ưu tiên tiếng Việt; ngôn ngữ ấn bản chưa được xác minh,ISBN_MISSING;MISSING_PUBLISHER,,,6004,REVIEW,"Cần kiểm tra: ISBN_MISSING, MISSING_PUBLISHER"
5771,Những vấn đề tim mạch thiết yếu,"Huỳnh Văn Minh (Chủ biên), Hoàng Anh Tiến (Chủ biên)",NXB Đại học Huế,2025,Giáo trình,Y học tổng hợp và nội khoa,,,false,https://csdlkhoahoc.hueuni.edu.vn/index.php/book/detail/5771,4,Những vấn đề tim mạch thiết yếu,"Huỳnh Văn Minh(Chủ biên),Hoàng Anh Tiến(Chủ biên)",Y học tổng hợp và nội khoa,NXB Đại học Huế,,2025,CHECKED_UNRESOLVED,https://csdlkhoahoc.hueuni.edu.vn/index.php/book/detail/5771,Đã đọc lại nguồn Đại học Huế và tra mục lục Thư viện Quốc gia; chưa đủ căn cứ bổ sung các trường còn thiếu cho đúng ấn bản.,MISSING,,,Y dược và sức khỏe,UNIVERSITY_CANDIDATE,Ưu tiên tiếng Việt; ngôn ngữ ấn bản chưa được xác minh,ISBN_MISSING,,,5771,REVIEW,Cần kiểm tra: ISBN_MISSING
6077,TÀI LIỆU BỒI DƯỠNG THEO TIÊU CHUẨN CHỨC DANH NGHỀ NGHIỆP VIÊN CHỨC TƯ VẤN HỌC SINH,"Lê Đăng Bảo Châu (Chủ biên), Trương Thị Yến (Chủ biên), Phạm Tiến Sỹ (Chủ biên), Trần Thị Thúy Hằng (Chủ biên), Nguyễn Thiều Tuấn Long (Chủ biên)",,2025,Giáo trình,KHOA HỌC XÃ HỘI,,,false,https://csdlkhoahoc.hueuni.edu.vn/index.php/book/detail/6077,4,TÀI LIỆU  BỒI DƯỠNG THEO TIÊU CHUẨN CHỨC DANH NGHỀ NGHIỆP  VIÊN CHỨC TƯ VẤN HỌC SINH,"Lê Đăng Bảo Châu(Chủ biên),Trương Thị Yến(Chủ biên),Phạm Tiến Sỹ(Chủ biên),Trần Thị Thúy Hằng(Chủ biên),Nguyễn Thiều Tuấn Long(Chủ biên)",KHOA HỌC XÃ HỘI,,,2025,CHECKED_UNRESOLVED,https://csdlkhoahoc.hueuni.edu.vn/index.php/book/detail/6077,Đã đọc lại nguồn Đại học Huế và tra mục lục Thư viện Quốc gia; chưa đủ căn cứ bổ sung các trường còn thiếu cho đúng ấn bản.,MISSING,,,Khoa học xã hội và nhân văn,UNIVERSITY_CANDIDATE,Ưu tiên tiếng Việt; ngôn ngữ ấn bản chưa được xác minh,ISBN_MISSING;MISSING_PUBLISHER,,,6077,REVIEW,"Cần kiểm tra: ISBN_MISSING, MISSING_PUBLISHER"
5727,Giáo dục STEAM cho trẻ mầm non,"Đặng Lan Phương (Chủ biên), Đặng Út Phượng (Chủ biên), Trần Viết Nhi (Chủ biên), Định Lan Anh, Hoàng Thanh Phương, Đặng Văn Sơn, Vũ Thị Thúy",NXB Đại Học Quốc Gia Hà Nội,2025,Giáo trình,KHOA HỌC GIÁO DỤC,978-604-62,97860462,false,https://csdlkhoahoc.hueuni.edu.vn/index.php/book/detail/5727,5,Giáo dục STEAM cho trẻ mầm non,"Đặng Lan Phương (Chủ biên), Đặng Út Phượng (Chủ biên),Trần Viết Nhi(Chủ biên), Định Lan Anh, Hoàng Thanh Phương, Đặng Văn Sơn, Vũ Thị Thúy",KHOA HỌC GIÁO DỤC,NXB Đại Học Quốc Gia Hà Nội,978-604-62,2025,CHECKED_UNRESOLVED,https://csdlkhoahoc.hueuni.edu.vn/index.php/book/detail/5727,Đã đọc lại nguồn Đại học Huế và tra mục lục Thư viện Quốc gia; chưa đủ căn cứ bổ sung các trường còn thiếu cho đúng ấn bản.,INVALID,false,,Giáo dục học,UNIVERSITY_CANDIDATE,Ưu tiên tiếng Việt; ngôn ngữ ấn bản chưa được xác minh,ISBN_INVALID,,,5727,REVIEW,Cần kiểm tra: ISBN_INVALID
6067,Bài giảng Phân tích và Thiết kế các hệ thống thông tin,"Nguyễn Văn Trung (Chủ biên), Nguyễn Thị Bích Lộc (Chủ biên)",,2025,Giáo trình,KHOA HỌC MÁY TÍNH VÀ THÔNG TIN,,,false,https://csdlkhoahoc.hueuni.edu.vn/index.php/book/detail/6067,5,Bài giảng Phân tích và Thiết kế các hệ thống thông tin,"Nguyễn Văn Trung(Chủ biên),Nguyễn Thị Bích Lộc(Chủ biên)",KHOA HỌC MÁY TÍNH VÀ THÔNG TIN,,,2025,CHECKED_UNRESOLVED,https://csdlkhoahoc.hueuni.edu.vn/index.php/book/detail/6067; https://csdlkhoahoc.hueuni.edu.vn/data/2026/9/Bien_ban_nghiem_thu_bai_giang.pdf,"Tệp đính kèm là biên bản nghiệm thu bài giảng nội bộ, không phải trang bản quyền sách. Chưa xác định có ISBN hoặc nhà xuất bản; không gán trường đại học làm nhà xuất bản khi chưa có chứng cứ.",MISSING,,,Công nghệ thông tin,UNIVERSITY_CANDIDATE,Ưu tiên tiếng Việt; ngôn ngữ ấn bản chưa được xác minh,INTERNAL_TEACHING_MATERIAL;ISBN_MISSING;MISSING_PUBLISHER,,,6067,REVIEW,"Cần kiểm tra: ISBN_MISSING, MISSING_PUBLISHER, INTERNAL_TEACHING_MATERIAL"
5231,LÝ LUẬN VÀ PHƯƠNG PHÁP DẠY HỌC TIẾNG PHÁP NGOẠI NGỮ ( DIDACTIQUE DU FRANÇAIS LANGUE ÉTRANGÈRE),"Trương Hoàng Lê (Chủ biên), Trần Thị Thu Hiền, Hồ Thủy An, Nguyễn Hà Quỳnh Như",NXB Đại học Huế,2025,Giáo trình,KHOA HỌC GIÁO DỤC,9786326720242,9786326720242,true,https://csdlkhoahoc.hueuni.edu.vn/index.php/book/detail/5231,5,LÝ LUẬN VÀ PHƯƠNG PHÁP DẠY HỌC TIẾNG PHÁP NGOẠI NGỮ ( DIDACTIQUE DU FRANÇAIS LANGUE ÉTRANGÈRE),"Trương Hoàng Lê(Chủ biên),Trần Thị Thu Hiền,Hồ Thủy An,Nguyễn Hà Quỳnh Như",KHOA HỌC GIÁO DỤC,NXB Đại học Huế,9786326720242,2025,CHECKED_UNRESOLVED,https://csdlkhoahoc.hueuni.edu.vn/index.php/book/detail/5231,Đã đọc lại nguồn Đại học Huế và tra mục lục Thư viện Quốc gia; chưa đủ căn cứ bổ sung các trường còn thiếu cho đúng ấn bản.,VALID,true,9786326720242,Giáo dục học,UNIVERSITY_CANDIDATE,Ưu tiên tiếng Việt; ngôn ngữ ấn bản chưa được xác minh,EDITION_YEAR_REVIEW,,,5231,REVIEW,Cần kiểm tra: EDITION_YEAR_REVIEW
5631,Inorganic Chemistry,Đinh Quý Hương (Chủ biên),NXB Đại học Huế,2025,Giáo trình,HOÁ HỌC,9786044890845,9786044890845,true,https://csdlkhoahoc.hueuni.edu.vn/index.php/book/detail/5631,6,Inorganic Chemistry,Đinh Quý Hương(Chủ biên),HOÁ HỌC,NXB Đại học Huế,,2025,VERIFIED_UPDATE,https://csdlkhoahoc.hueuni.edu.vn/index.php/book/detail/5631; https://csdlkhoahoc.hueuni.edu.vn/data/2025/7/2__Quyet_dinh_xuat_ban.pdf; https://opac.nlv.gov.vn/chi-tiet-tai-lieu/textbook-inorganic-chemistry-202610687650813200048,"Quyết định xuất bản đính kèm ngày 23/02/2024 ghi ISBN 978-604-489-084-5; Thư viện Quốc gia ghi bản 2024. Nguồn đang ghi 2025 và còn một ISBN khác của bản 2024, nên chưa tự đổi năm hoặc coi đã xác minh đủ ấn bản.",VALID,,9786044890845,Hóa học,UNIVERSITY_CANDIDATE,Ưu tiên tiếng Việt; ngôn ngữ ấn bản chưa được xác minh,EDITION_YEAR_REVIEW,,,5631,REVIEW,Cần kiểm tra: EDITION_YEAR_REVIEW
5956,GIÁO TRÌNH ĐẠI HỌC CHĂM SÓC SỨC KHOẺ CỘNG ĐỒNG,"Hồ Duy Bính (Chủ biên), Đào Nguyễn Diệu Trang (Chủ biên), Dương Thị Ngọc Lan (Chủ biên), Nguyễn Trường Sơn, Mai Bá Hải, Nguyễn Thị Phương Thảo, Hồ Thị Thùy Trang, Đặng Thị Thanh Phúc, Hoàng Thị Phương Thảo, Trần Thị Nguyệt, Tôn Nữ Minh Đức, Võ Thị Nhi, Nguyễn Thị Thanh Thanh",NXB Đại học Huế,2025,Giáo trình,Y TẾ,978-604-489-905-3,9786044899053,true,https://csdlkhoahoc.hueuni.edu.vn/index.php/book/detail/5956,6,GIÁO TRÌNH ĐẠI HỌC CHĂM SÓC SỨC KHOẺ CỘNG ĐỒNG,"Hồ Duy Bính(Chủ biên),Đào Nguyễn Diệu Trang(Chủ biên),Dương Thị Ngọc Lan(Chủ biên),Nguyễn Trường Sơn,Mai Bá Hải,Nguyễn Thị Phương Thảo,Hồ Thị Thùy Trang,Đặng Thị Thanh Phúc,Hoàng Thị Phương Thảo,Trần Thị Nguyệt,Tôn Nữ Minh Đức,Võ Thị Nhi,Nguyễn Thị Thanh Thanh",Y TẾ,NXB Đại học Huế,978-604-489-905-3,2025,CHECKED_UNRESOLVED,https://csdlkhoahoc.hueuni.edu.vn/index.php/book/detail/5956,"Danh sách tác giả nguồn vượt 255 ký tự. Giữ nguyên đầy đủ; đây là giới hạn trường nhập, không phải thiếu thông tin để tự cắt tên. Cần quyết định cách lưu tác giả đầy đủ trước khi nhập.",VALID,true,9786044899053,Y dược và sức khỏe,UNIVERSITY_CANDIDATE,Ưu tiên tiếng Việt; ngôn ngữ ấn bản chưa được xác minh,TOO_LONG_AUTHOR,,,5956,REVIEW,Cần kiểm tra: TOO_LONG_AUTHOR
5591,Giáo trình đại học: Lâm sàng Nhi khoa - Tập 1 (Dành cho sinh viên ngành Y khoa),"Bùi Bỉnh Bảo Sơn (Chủ biên), Nguyễn Thị Thanh Bình (Chủ biên), Phan Hùng Việt, Nguyễn Thị Cự, Trần Kim Hảo, Võ Thị Thu Thủy, Nguyễn Phúc Thu Trang, Nguyễn Hữu Châu Đức, Nguyễn Thị Thanh Bình, Nguyễn Duy Nam Anh, Phạm Võ Phương Thảo, Nguyễn Văn Tuy, Trương Thị Na, Lê Thị Mai Anh",NXB Đại học Huế,2025,Giáo trình,Nhi khoa,978-604-489-881-0,9786044898810,true,https://csdlkhoahoc.hueuni.edu.vn/index.php/book/detail/5591,6,Giáo trình đại học Lâm sàng Nhi khoa (Dành cho đối tượng sinh viên ngành Y khoa),"Bùi Bỉnh Bảo Sơn(Chủ biên),Nguyễn Thị Thanh Bình(Chủ biên),Phan Hùng Việt,Nguyễn Thị Cự, Trần Kim Hảo, Võ Thị Thu Thủy,Nguyễn Phúc Thu Trang,Nguyễn Hữu Châu Đức,Nguyễn Thị Thanh Bình, Nguyễn Duy Nam Anh,Phạm Võ Phương Thảo, Nguyễn Văn Tuy, Trương Thị Na, Lê Thị Mai Anh",Nhi khoa,NXB Đại học Huế,978-604-489-881-0,2025,VERIFIED_UPDATE,https://csdlkhoahoc.hueuni.edu.vn/index.php/book/detail/5591; https://opac.nlv.gov.vn/chi-tiet-tai-lieu/giao-trinh-dai-hoc-lam-sang-nhi-khoa-t-202610827930813195843,"ISBN 9786044898810 là Tập 1, 2025 theo MARC 245/260. Bổ sung số tập để tránh hiểu là cả bộ. Giữ danh sách tác giả đầy đủ; vẫn cần xử lý giới hạn 255 ký tự.",VALID,true,9786044898810,Y dược và sức khỏe,UNIVERSITY_CANDIDATE,Ưu tiên tiếng Việt; ngôn ngữ ấn bản chưa được xác minh,TOO_LONG_AUTHOR,,,5591,REVIEW,Cần kiểm tra: TOO_LONG_AUTHOR
5558,Giáo trình Quản lý và Marketing điểm đến du lịch,Đỗ Thị Thảo (thành viên tham gia) cùng 9 tác giả khác,NXB Đại học Huế,2025,Giáo trình,KINH TẾ VÀ KINH DOANH,978-604-489-162-0,9786044891620,true,https://csdlkhoahoc.hueuni.edu.vn/index.php/book/detail/5558,7,Giáo trình Quản lý và Marketing điểm đến du lịch   Sources and related content,Đỗ Thị Thảo (thành viên tham gia) cùng 9 tác giả khác,KINH TẾ VÀ KINH DOANH,NXB Đại học Huế,978-604-489-162-0,2025,CHECKED_UNRESOLVED,https://csdlkhoahoc.hueuni.edu.vn/index.php/book/detail/5558,Đã đọc lại nguồn Đại học Huế và tra mục lục Thư viện Quốc gia; chưa đủ căn cứ bổ sung các trường còn thiếu cho đúng ấn bản.,VALID,true,9786044891620,Kinh tế và quản trị,UNIVERSITY_CANDIDATE,Ưu tiên tiếng Việt; ngôn ngữ ấn bản chưa được xác minh,ISBN_METADATA_CONFLICT,Bỏ chuỗi rác Sources and related content,,5558;5393;5564,REVIEW,Cần kiểm tra: ISBN_METADATA_CONFLICT
5779,Giáo trình suy tim và cấp cứu tim mạch,"Hoàng Anh Tiến, Đoàn Chí Thắng (Chủ biên)",NXB Đại học Huế,2025,Giáo trình,Y học tổng hợp và nội khoa,,,false,https://csdlkhoahoc.hueuni.edu.vn/index.php/book/detail/5779,8,Giáo trình suy tim và cấp cứu tim mạch,"Hoàng Anh Tiến, Đoàn Chí Thắng(Chủ biên)",Y học tổng hợp và nội khoa,NXB Đại học Huế,,2025,CHECKED_UNRESOLVED,https://csdlkhoahoc.hueuni.edu.vn/index.php/book/detail/5779,Đã đọc lại nguồn Đại học Huế và tra mục lục Thư viện Quốc gia; chưa đủ căn cứ bổ sung các trường còn thiếu cho đúng ấn bản.,MISSING,,,Y dược và sức khỏe,UNIVERSITY_CANDIDATE,Ưu tiên tiếng Việt; ngôn ngữ ấn bản chưa được xác minh,ISBN_MISSING,,,5779,REVIEW,Cần kiểm tra: ISBN_MISSING
5459,Giáo trình Module 27: Tâm thần - Thần kinh,"Trần Như Minh Hằng (Chủ biên), Nguyễn Đình Toàn (Chủ biên), Trần Thị Trà My, Nguyễn Quang Ngọc Linh, Võ Thị Hân, Lê Trần Tuấn Anh, Hoàng Khánh, Nguyễn Duy Duẫn, Hồ Dũng",NXB Đại học Huế,2024,Giáo trình,"Tâm thần học, Thần kinh học lâm sàng",9786043994711,9786043994711,true,https://csdlkhoahoc.hueuni.edu.vn/index.php/book/detail/5459,8,Giáo trình Module 27 Tâm Thần - Thàn KInh,"Trần Như Minh Hằng(Chủ biên),Nguyễn Đình Toàn(Chủ biên),Trần Thị Trà My,Nguyễn Quang Ngọc Linh,Võ Thị Hân,Lê Trần Tuấn Anh,Hoàng Khánh,Nguyễn Duy Duẫn,Hồ Dũng","Tâm thần học, Thần kinh học lâm sàng",NXB Đại học Huế,987-604-399-471-1,2024,VERIFIED_UPDATE,https://csdlkhoahoc.hueuni.edu.vn/index.php/book/detail/5459; https://opac.nlv.gov.vn/chi-tiet-tai-lieu/giao-trinh-module-27---tam-than-than-ki-202610352830813194848; https://opac.nlv.gov.vn/chi-tiet-tai-lieu/giao-trinh-module-27---tam-than-than-ki-202610778790813195521,"MARC 020 xác nhận tiền tố 978, cùng nội dung và tác giả. Tuy nhiên ISBN này thuộc bản 2023; bản tái bản 2024 có ISBN 9786044893921. Giữ cờ năm/ấn bản để kiểm tra, không chọn thay ISBN theo năm một cách tự động.",VALID,false,9786043994711,Y dược và sức khỏe,UNIVERSITY_CANDIDATE,Ưu tiên tiếng Việt; ngôn ngữ ấn bản chưa được xác minh,EDITION_YEAR_REVIEW,,,5459,REVIEW,Cần kiểm tra: EDITION_YEAR_REVIEW
5692,Quản trị Logistics căn bản,"Phạm Thị Thanh Xuân, Đặng Đình Đào (Chủ biên), Nguyễn Thị Bạch Tuyết (Chủ biên), Đặng Thị Thúy Hồng (Chủ biên), Nguyễn Ngọc Long (Chủ biên), Nguyễn Thái Bình (Chủ biên)",NXB Lao Động,2024,Giáo trình,Kinh doanh và quản lý,9786044922003,9786044922003,true,https://csdlkhoahoc.hueuni.edu.vn/index.php/book/detail/5692,9,Quản trị Logistics căn bản,"Phạm Thị Thanh Xuân,Đặng Đình Đào(Chủ biên), Nguyễn Thị Bạch Tuyết (Chủ biên), Đặng Thị Thúy Hồng (Chủ biên), Nguyễn Ngọc Long (Chủ biên), Nguyễn Thái Bình (Chủ biên)",Kinh doanh và quản lý,NXB Lao Động,9786044922003,2024,CHECKED_UNRESOLVED,https://csdlkhoahoc.hueuni.edu.vn/index.php/book/detail/5692,Đã đọc lại nguồn Đại học Huế và tra mục lục Thư viện Quốc gia; chưa đủ căn cứ bổ sung các trường còn thiếu cho đúng ấn bản.,VALID,true,9786044922003,Kinh tế và quản trị,UNIVERSITY_CANDIDATE,Ưu tiên tiếng Việt; ngôn ngữ ấn bản chưa được xác minh,AUTHOR_METADATA_REVIEW,,,5692;5311,REVIEW,Cần kiểm tra: AUTHOR_METADATA_REVIEW
5540,Giáo dục kỹ năng sống dành cho sinh viên ngành Giáo dục công dân và Giáo dục quốc phòng - an ninh,Nguyễn Thành Minh,NXB Đại học Huế,2024,Giáo trình,"Khoa học giáo dục học nói chung, bao gồm cả đào tạo, sư phạm học, lý luận giáo dục,..",ISBN,,false,https://csdlkhoahoc.hueuni.edu.vn/index.php/book/detail/5540,9,Giáo dục kỹ năng sống dành cho sinh viên ngành Giáo dục công dân và Giáo dục quốc phòng - an ninh,Nguyễn Thành Minh,"Khoa học giáo dục học nói chung, bao gồm cả đào tạo, sư phạm học, lý luận giáo dục,..",NXB Đại học Huế,ISBN,2024,CHECKED_UNRESOLVED,https://csdlkhoahoc.hueuni.edu.vn/index.php/book/detail/5540,Đã đọc lại nguồn Đại học Huế và tra mục lục Thư viện Quốc gia; chưa đủ căn cứ bổ sung các trường còn thiếu cho đúng ấn bản.,MISSING,,,Giáo dục học,UNIVERSITY_CANDIDATE,Ưu tiên tiếng Việt; ngôn ngữ ấn bản chưa được xác minh,ISBN_MISSING,,,5540,REVIEW,Cần kiểm tra: ISBN_MISSING
5624,Giáo trình Luật thương mại quốc tế,"Hồ Nhân Ái, Nguyễn Thị Hồng Trinh (Chủ biên), Nguyễn Hữu Khánh Linh, Lê Khắc Đại, Nguyễn Thị Hạnh, Nguyễn Thị Hà, Trần Viết Long (Chủ biên), Bùi Thị Quỳnh Trang, Trần Ngọc Thúy, Trần Thị Diệu Hương",NXB Công an nhân dân,2024,Giáo trình,PHÁP LUẬT,978-604-72-6939-6,9786047269396,true,https://csdlkhoahoc.hueuni.edu.vn/index.php/book/detail/5624,9,Giáo trình Luật thương mại quốc tế,"Hồ Nhân Ái,Nguyễn Thị Hồng Trinh(Chủ biên),Nguyễn Hữu Khánh Linh,Lê Khắc Đại,Nguyễn Thị Hạnh,Nguyễn Thị Hà,Trần Viết Long(Chủ biên),Bùi Thị Quỳnh Trang,Trần Ngọc Thúy,Trần Thị Diệu Hương",PHÁP LUẬT,NXB Công an nhân dân,978-604-72-6939-6,2024,CHECKED_UNRESOLVED,https://csdlkhoahoc.hueuni.edu.vn/index.php/book/detail/5624,Đã đọc lại nguồn Đại học Huế và tra mục lục Thư viện Quốc gia; chưa đủ căn cứ bổ sung các trường còn thiếu cho đúng ấn bản.,VALID,true,9786047269396,Luật học,UNIVERSITY_CANDIDATE,Ưu tiên tiếng Việt; ngôn ngữ ấn bản chưa được xác minh,AUTHOR_METADATA_REVIEW,,,5624;5932,REVIEW,Cần kiểm tra: AUTHOR_METADATA_REVIEW
5910,Cú pháp học Ngữ pháp tiếng Nhật 2,"Nguyễn Thị Hương Trà (Chủ biên), Đặng Thái Quỳnh Chi, Hồ Đặng Mỹ An, Trần Diễm Hà, TRỊNH TRẦN NGỌC KHÁNH, Nguyễn Vũ Hoàng Lan, TRẦN THỊ KHÁNH LIÊN, Phan Gia Nhật, Hoàng Thị Lan Nhi, Đào Thị Thùy Nhi, Nguyễn Thị Vĩnh Tú, Lê Thị Hồng Vân",NXB Đại học Huế,2024,Giáo trình,Nghiên cứu ngôn ngữ khác,,,false,https://csdlkhoahoc.hueuni.edu.vn/index.php/book/detail/5910,10,Cú pháp học Ngữ pháp tiếng Nhật 2,"Nguyễn Thị Hương Trà(Chủ biên),Đặng Thái Quỳnh Chi,Hồ Đặng Mỹ An,Trần Diễm Hà,TRỊNH TRẦN NGỌC KHÁNH,Nguyễn Vũ Hoàng Lan,TRẦN THỊ KHÁNH LIÊN,Phan Gia Nhật,Hoàng Thị Lan Nhi,Đào Thị Thùy Nhi,Nguyễn Thị Vĩnh Tú,Lê Thị Hồng Vân",Nghiên cứu ngôn ngữ khác,NXB Đại học Huế,,2024,CHECKED_UNRESOLVED,https://csdlkhoahoc.hueuni.edu.vn/index.php/book/detail/5910,Đã đọc lại nguồn Đại học Huế và tra mục lục Thư viện Quốc gia; chưa đủ căn cứ bổ sung các trường còn thiếu cho đúng ấn bản.,MISSING,,,Ngôn ngữ và văn học,UNIVERSITY_CANDIDATE,Ưu tiên tiếng Việt; ngôn ngữ ấn bản chưa được xác minh,ISBN_MISSING,,,5910,REVIEW,Cần kiểm tra: ISBN_MISSING
5323,LƯỢC KHẢO CHỮ HÁN VÀ VĂN BẢN HÁN VĂN,Nguyễn Lãm Thắng (Chủ biên),,2024,Giáo trình,NGÔN NGỮ HỌC VÀ VĂN HỌC,,,false,https://csdlkhoahoc.hueuni.edu.vn/index.php/book/detail/5323,10,LƯỢC KHẢO CHỮ HÁN VÀ VĂN BẢN HÁN VĂN,Nguyễn Lãm Thắng(Chủ biên),NGÔN NGỮ HỌC VÀ VĂN HỌC,,,2024,CHECKED_UNRESOLVED,https://csdlkhoahoc.hueuni.edu.vn/index.php/book/detail/5323,Đã đọc lại nguồn Đại học Huế và tra mục lục Thư viện Quốc gia; chưa đủ căn cứ bổ sung các trường còn thiếu cho đúng ấn bản.,MISSING,,,Ngôn ngữ và văn học,UNIVERSITY_CANDIDATE,Ưu tiên tiếng Việt; ngôn ngữ ấn bản chưa được xác minh,ISBN_MISSING;MISSING_PUBLISHER,,,5323,REVIEW,"Cần kiểm tra: ISBN_MISSING, MISSING_PUBLISHER"
5357,Phương ngữ học,Nguyễn Lãm Thắng (Chủ biên),,2024,Giáo trình,KHOA HỌC NHÂN VĂN,,,false,https://csdlkhoahoc.hueuni.edu.vn/index.php/book/detail/5357,10,Phương ngữ học,Nguyễn Lãm Thắng(Chủ biên),KHOA HỌC NHÂN VĂN,,,2024,CHECKED_UNRESOLVED,https://csdlkhoahoc.hueuni.edu.vn/index.php/book/detail/5357,Đã đọc lại nguồn Đại học Huế và tra mục lục Thư viện Quốc gia; chưa đủ căn cứ bổ sung các trường còn thiếu cho đúng ấn bản.,MISSING,,,Khoa học xã hội và nhân văn,UNIVERSITY_CANDIDATE,Ưu tiên tiếng Việt; ngôn ngữ ấn bản chưa được xác minh,ISBN_MISSING;MISSING_PUBLISHER,,,5357,REVIEW,"Cần kiểm tra: ISBN_MISSING, MISSING_PUBLISHER"
5393,Quản lý và Marketing điểm đến du lịch,Bùi Thị Tám (Chủ biên),NXB Đại học Huế,2024,Giáo trình,KINH TẾ VÀ KINH DOANH,978-604-489-162-0,9786044891620,true,https://csdlkhoahoc.hueuni.edu.vn/index.php/book/detail/5393,11,Quản lý và Marketing điểm đến du lịch,Bùi Thị Tám(Chủ biên),KINH TẾ VÀ KINH DOANH,NXB Đại học Huế,978-604-489-162-0,2024,CHECKED_UNRESOLVED,https://csdlkhoahoc.hueuni.edu.vn/index.php/book/detail/5393,Đã đọc lại nguồn Đại học Huế và tra mục lục Thư viện Quốc gia; chưa đủ căn cứ bổ sung các trường còn thiếu cho đúng ấn bản.,VALID,true,9786044891620,Kinh tế và quản trị,UNIVERSITY_CANDIDATE,Ưu tiên tiếng Việt; ngôn ngữ ấn bản chưa được xác minh,ISBN_METADATA_CONFLICT,,,5558;5393;5564,REVIEW,Cần kiểm tra: ISBN_METADATA_CONFLICT
5233,Giáo trình đất nước học,Lê Thị Thanh Nhàn,NXB Đại học Huế,2024,Giáo trình,Nghiên cứu ngôn ngữ khác,,,false,https://csdlkhoahoc.hueuni.edu.vn/index.php/book/detail/5233,11,Giáo trình đất nước học,Lê Thị Thanh Nhàn,Nghiên cứu ngôn ngữ khác,NXB Đại học Huế,,2024,CHECKED_UNRESOLVED,https://csdlkhoahoc.hueuni.edu.vn/index.php/book/detail/5233,Đã đọc lại nguồn Đại học Huế và tra mục lục Thư viện Quốc gia; chưa đủ căn cứ bổ sung các trường còn thiếu cho đúng ấn bản.,MISSING,,,Ngôn ngữ và văn học,UNIVERSITY_CANDIDATE,Ưu tiên tiếng Việt; ngôn ngữ ấn bản chưa được xác minh,ISBN_MISSING,,,5233,REVIEW,Cần kiểm tra: ISBN_MISSING
5314,Học liệu điện tử - Hóa học phân tích,"Trần Thị Ái Mỹ (Chủ biên), Nguyễn Đăng Giáng Châu (Chủ biên)",,2024,Giáo trình,Hóa phân tích,,,false,https://csdlkhoahoc.hueuni.edu.vn/index.php/book/detail/5314,12,Học liệu điện tử - Hóa học phân tích,"Trần Thị Ái Mỹ(Chủ biên),Nguyễn Đăng Giáng Châu(Chủ biên)",Hóa phân tích,,,2024,CHECKED_UNRESOLVED,https://csdlkhoahoc.hueuni.edu.vn/index.php/book/detail/5314,Đã đọc lại nguồn Đại học Huế và tra mục lục Thư viện Quốc gia; chưa đủ căn cứ bổ sung các trường còn thiếu cho đúng ấn bản.,MISSING,,,Hóa học,UNIVERSITY_CANDIDATE,Ưu tiên tiếng Việt; ngôn ngữ ấn bản chưa được xác minh,ISBN_MISSING;MISSING_PUBLISHER,,,5314,REVIEW,"Cần kiểm tra: ISBN_MISSING, MISSING_PUBLISHER"
5051,法律汉语,Đoàn Thị Minh Hoa,NXB Đại học Huế,2024,Giáo trình,KHOA HỌC GIÁO DỤC,,,false,https://csdlkhoahoc.hueuni.edu.vn/index.php/book/detail/5051,12,法律汉语,Đoàn Thị Minh Hoa,KHOA HỌC GIÁO DỤC,NXB Đại học Huế,,2024,CHECKED_UNRESOLVED,https://csdlkhoahoc.hueuni.edu.vn/index.php/book/detail/5051,Đã đọc lại nguồn Đại học Huế và tra mục lục Thư viện Quốc gia; chưa đủ căn cứ bổ sung các trường còn thiếu cho đúng ấn bản.,MISSING,,,Giáo dục học,UNIVERSITY_CANDIDATE,Ưu tiên tiếng Việt; ngôn ngữ ấn bản chưa được xác minh,ISBN_MISSING;POSSIBLE_DUPLICATE_TITLE,,,5051,REVIEW,"Cần kiểm tra: ISBN_MISSING, POSSIBLE_DUPLICATE_TITLE"
5227,Giáo trình ngôn ngữ văn bản pháp luật tiếng Trung Quốc- 法律汉语,Nguyễn Thị Huyền Trang,NXB Đại học Huế,2024,Giáo trình,Ngôn ngữ học ứng dụng,,,false,https://csdlkhoahoc.hueuni.edu.vn/index.php/book/detail/5227,12,Giáo trình ngôn ngữ văn bản pháp luật tiếng Trung Quốc- 法律汉语,Nguyễn Thị Huyền Trang,Ngôn ngữ học ứng dụng,NXB Đại học Huế,,2024,CHECKED_UNRESOLVED,https://csdlkhoahoc.hueuni.edu.vn/index.php/book/detail/5227,Đã đọc lại nguồn Đại học Huế và tra mục lục Thư viện Quốc gia; chưa đủ căn cứ bổ sung các trường còn thiếu cho đúng ấn bản.,MISSING,,,Ngôn ngữ và văn học,UNIVERSITY_CANDIDATE,Ưu tiên tiếng Việt; ngôn ngữ ấn bản chưa được xác minh,ISBN_MISSING;POSSIBLE_DUPLICATE_TITLE,,,5227,REVIEW,"Cần kiểm tra: ISBN_MISSING, POSSIBLE_DUPLICATE_TITLE"
6000,Giáo trình Ngôn ngữ văn bản Pháp luật tiếng Trung Quốc（法律汉语）,Trần Thị Giang Hiền,NXB Đại học Huế,2024,Giáo trình,NGÔN NGỮ HỌC VÀ VĂN HỌC,978-604-489-173-6,9786044891736,true,https://csdlkhoahoc.hueuni.edu.vn/index.php/book/detail/6000,12,Giáo trình Ngôn ngữ văn bản Pháp luật tiếng Trung Quốc（法律汉语）,Trần Thị Giang Hiền,NGÔN NGỮ HỌC VÀ VĂN HỌC,NXB Đại học Huế,978-604-489-173-6,2024,CHECKED_UNRESOLVED,https://csdlkhoahoc.hueuni.edu.vn/index.php/book/detail/6000,Đã đọc lại nguồn Đại học Huế và tra mục lục Thư viện Quốc gia; chưa đủ căn cứ bổ sung các trường còn thiếu cho đúng ấn bản.,VALID,true,9786044891736,Ngôn ngữ và văn học,UNIVERSITY_CANDIDATE,Ưu tiên tiếng Việt; ngôn ngữ ấn bản chưa được xác minh,POSSIBLE_DUPLICATE_TITLE,,,6000,REVIEW,Cần kiểm tra: POSSIBLE_DUPLICATE_TITLE
5216,法律汉语,Nguyễn Thị Khánh Vân,NXB Đại học Huế,2024,Giáo trình,KHOA HỌC GIÁO DỤC,,,false,https://csdlkhoahoc.hueuni.edu.vn/index.php/book/detail/5216,12,法律汉语,Nguyễn Thị Khánh Vân,KHOA HỌC GIÁO DỤC,NXB Đại học Huế,,2024,CHECKED_UNRESOLVED,https://csdlkhoahoc.hueuni.edu.vn/index.php/book/detail/5216,Đã đọc lại nguồn Đại học Huế và tra mục lục Thư viện Quốc gia; chưa đủ căn cứ bổ sung các trường còn thiếu cho đúng ấn bản.,MISSING,,,Giáo dục học,UNIVERSITY_CANDIDATE,Ưu tiên tiếng Việt; ngôn ngữ ấn bản chưa được xác minh,ISBN_MISSING;POSSIBLE_DUPLICATE_TITLE,,,5216,REVIEW,"Cần kiểm tra: ISBN_MISSING, POSSIBLE_DUPLICATE_TITLE"
5192,Kiểm toán căn bản,"Hồ Thị Thúy Nga (Chủ biên), Phạm Thị Bích Ngọc, Lê Thị Hoài Anh, Trần Phan Khánh Trang, Trần Thị Trà My",NXB Đại học Huế,2024,Giáo trình,KINH TẾ VÀ KINH DOANH,,,false,https://csdlkhoahoc.hueuni.edu.vn/index.php/book/detail/5192,12,Kiểm toán căn bản,"Hồ Thị Thúy Nga(Chủ biên),Phạm Thị Bích Ngọc,Lê Thị Hoài Anh,Trần Phan Khánh Trang,Trần Thị Trà My",KINH TẾ VÀ KINH DOANH,NXB Đại học Huế,,2024,CHECKED_UNRESOLVED,https://csdlkhoahoc.hueuni.edu.vn/index.php/book/detail/5192,Đã đọc lại nguồn Đại học Huế và tra mục lục Thư viện Quốc gia; chưa đủ căn cứ bổ sung các trường còn thiếu cho đúng ấn bản.,MISSING,,,Kinh tế và quản trị,UNIVERSITY_CANDIDATE,Ưu tiên tiếng Việt; ngôn ngữ ấn bản chưa được xác minh,ISBN_MISSING,,,5192,REVIEW,Cần kiểm tra: ISBN_MISSING
5333,Bài giảng Mẫu thiết kế,Nguyễn Văn Trung (Chủ biên),,2024,Giáo trình,KHOA HỌC MÁY TÍNH VÀ THÔNG TIN,,,false,https://csdlkhoahoc.hueuni.edu.vn/index.php/book/detail/5333,12,Bài giảng Mẫu thiết kế,Nguyễn Văn Trung(Chủ biên),KHOA HỌC MÁY TÍNH VÀ THÔNG TIN,,,2024,CHECKED_UNRESOLVED,https://csdlkhoahoc.hueuni.edu.vn/index.php/book/detail/5333; https://csdlkhoahoc.hueuni.edu.vn/data/2024/7/CamScanner_07-31-2024_15_08.pdf,"Tệp đính kèm là biên bản nghiệm thu bài giảng nội bộ, không phải trang bản quyền sách. Chưa xác định có ISBN hoặc nhà xuất bản; không gán trường đại học làm nhà xuất bản khi chưa có chứng cứ.",MISSING,,,Công nghệ thông tin,UNIVERSITY_CANDIDATE,Ưu tiên tiếng Việt; ngôn ngữ ấn bản chưa được xác minh,INTERNAL_TEACHING_MATERIAL;ISBN_MISSING;MISSING_PUBLISHER,,,5333,REVIEW,"Cần kiểm tra: ISBN_MISSING, MISSING_PUBLISHER, INTERNAL_TEACHING_MATERIAL"
5564,Giáo trình Quản lý và Marketing điểm đến du lịch,"Bùi Thị Tám (Chủ biên), Trần Thị Ngọc Liên, Nguyễn Thị Như Hoa, Đỗ Thị Thảo, Lê Văn Hoài, Bùi Thiên Nga, Nguyễn Hoàng Tuệ Quang, Lê Minh Tuấn",NXB Đại học Huế,2024,Giáo trình,KHOA HỌC XÃ HỘI,978-604-489-162-0,9786044891620,true,https://csdlkhoahoc.hueuni.edu.vn/index.php/book/detail/5564,13,Giáo trình Quản lý và Marketing điểm đến du lịch,"Bùi Thị Tám(Chủ biên),Trần Thị Ngọc Liên,Nguyễn Thị Như Hoa,Đỗ Thị Thảo,Lê Văn Hoài,Bùi Thiên Nga,Nguyễn Hoàng Tuệ Quang,Lê Minh Tuấn",KHOA HỌC XÃ HỘI,NXB Đại học Huế,978-604-489-162-0,2024,CHECKED_UNRESOLVED,https://csdlkhoahoc.hueuni.edu.vn/index.php/book/detail/5564,Đã đọc lại nguồn Đại học Huế và tra mục lục Thư viện Quốc gia; chưa đủ căn cứ bổ sung các trường còn thiếu cho đúng ấn bản.,VALID,true,9786044891620,Khoa học xã hội và nhân văn,UNIVERSITY_CANDIDATE,Ưu tiên tiếng Việt; ngôn ngữ ấn bản chưa được xác minh,ISBN_METADATA_CONFLICT,,,5558;5393;5564,REVIEW,Cần kiểm tra: ISBN_METADATA_CONFLICT
4824,Khoáng vật và phương pháp xác định khoáng vật,"Nguyễn Thị Lệ Huyền, Hoàng Hoa Thám, Nguyễn Thị Thủy (Chủ biên)",NXB Đại học Huế,2024,Giáo trình,CÁC KHOA HỌC TRÁI ĐẤT VÀ MÔI TRƯỜNG LIÊN QUAN,,,false,https://csdlkhoahoc.hueuni.edu.vn/index.php/book/detail/4824,13,Khoáng vật và phương pháp xác định khoáng vật,"Nguyễn Thị Lệ Huyền,Hoàng Hoa Thám,Nguyễn Thị Thủy(Chủ biên)",CÁC KHOA HỌC TRÁI ĐẤT VÀ MÔI TRƯỜNG LIÊN QUAN,NXB Đại học Huế,,2024,CHECKED_UNRESOLVED,https://csdlkhoahoc.hueuni.edu.vn/index.php/book/detail/4824; https://opac.nlv.gov.vn/chi-tiet-tai-lieu/giao-trinh-khoang-vat--phuong-phap-xac-202610625000813195349,Đúng nhan đề và tác giả nhưng mục lục ghi năm 2023; nguồn ghi 2024.,MISSING,,,Địa lý và môi trường,UNIVERSITY_CANDIDATE,Ưu tiên tiếng Việt; ngôn ngữ ấn bản chưa được xác minh,EDITION_YEAR_REVIEW;ISBN_MISSING,,,4824,REVIEW,"Cần kiểm tra: ISBN_MISSING, EDITION_YEAR_REVIEW"
5461,GIÁO TRÌNH MODULE 13 HỆ THẦN KINH VÀ NỘI TIẾT,"Nguyễn Đình Toàn (Chủ biên), Nguyễn Sanh Tùng (Chủ biên), Nguyễn Thị Châu Anh, Nguyễn Thành Phúc, Hoàng Khánh Hằng, Nguyễn Đình Duyệt, Nguyễn Thị Hiếu Dung, Nguyễn Hải Qúy Trâm, Nguyễn Văn Mão, Trần Đình Bình, Phan Thị Minh Phương, Lê Bá Hứa, Phan Ngọc Đan Thanh, Lê Chuyển, Nguyễn Thành Tín, Đỗ Thị Hồng Diệp",NXB Đại học Huế,2024,Giáo trình,"Thần kinh học, Nội tiết và chuyển hoá",978-604-912-610-9,9786049126109,true,https://csdlkhoahoc.hueuni.edu.vn/index.php/book/detail/5461,13,GIÁO TRÌNH MODULE 13 HỆ THẦN KINH VÀ NỘI TIẾT,"Nguyễn Đình Toàn(Chủ biên),Nguyễn Sanh Tùng(Chủ biên),Nguyễn Thị Châu Anh,Nguyễn Thành Phúc,Hoàng Khánh Hằng,Nguyễn Đình Duyệt,Nguyễn Thị Hiếu Dung,Nguyễn Hải Qúy Trâm,Nguyễn Văn Mão,Trần Đình Bình,Phan Thị Minh Phương,Lê Bá Hứa,Phan Ngọc Đan Thanh,Lê Chuyển,Nguyễn Thành Tín, Đỗ Thị Hồng Diệp","Thần kinh học, Nội tiết và chuyển hoá",NXB Đại học Huế,978-604-912-610-9,2024,CHECKED_UNRESOLVED,https://csdlkhoahoc.hueuni.edu.vn/index.php/book/detail/5461,"Danh sách tác giả nguồn vượt 255 ký tự. Giữ nguyên đầy đủ; đây là giới hạn trường nhập, không phải thiếu thông tin để tự cắt tên. Cần quyết định cách lưu tác giả đầy đủ trước khi nhập.",VALID,true,9786049126109,Y dược và sức khỏe,UNIVERSITY_CANDIDATE,Ưu tiên tiếng Việt; ngôn ngữ ấn bản chưa được xác minh,TOO_LONG_AUTHOR,,,5461,REVIEW,Cần kiểm tra: TOO_LONG_AUTHOR
5148,Module 9- Hệ tim mạch,"Hoàng Anh Tiến (Chủ biên), Nguyễn Hữu Trí, Nguyễn Thị Hiếu Dung, Đặng Công Thuận, Nguyễn Phương Thảo Tiên, Nguyễn Bá Lưu, Phù Thị Hoa",NXB Đại học Huế,2024,Giáo trình,Y HỌC CƠ SỞ,,,false,https://csdlkhoahoc.hueuni.edu.vn/index.php/book/detail/5148,13,Module 9- Hệ tim mạch,"Hoàng Anh Tiến(Chủ biên),Nguyễn Hữu Trí,Nguyễn Thị Hiếu Dung,Đặng Công Thuận,Nguyễn Phương Thảo Tiên,Nguyễn Bá Lưu,Phù Thị Hoa",Y HỌC CƠ SỞ,NXB Đại học Huế,,2024,CHECKED_UNRESOLVED,https://csdlkhoahoc.hueuni.edu.vn/index.php/book/detail/5148; https://opac.nlv.gov.vn/chi-tiet-tai-lieu/giao-trinh-module-9---he-tim-mach-202610360410813194617,Mục lục ghi bản 2023; nguồn ghi 2024. Cần xác minh tái bản trước khi dùng ISBN.,MISSING,,,Y dược và sức khỏe,UNIVERSITY_CANDIDATE,Ưu tiên tiếng Việt; ngôn ngữ ấn bản chưa được xác minh,EDITION_YEAR_REVIEW;ISBN_MISSING,,,5148,REVIEW,"Cần kiểm tra: ISBN_MISSING, EDITION_YEAR_REVIEW"
5221,Giáo trình Ngôn ngữ văn bản Pháp luật tiếng Trung Quốc,Trần Quang Cát Linh,NXB Đại học Huế,2024,Giáo trình,KHOA HỌC GIÁO DỤC,ISBN,,false,https://csdlkhoahoc.hueuni.edu.vn/index.php/book/detail/5221,13,Giáo trình Ngôn ngữ văn bản Pháp luật tiếng Trung Quốc,Trần Quang Cát Linh,KHOA HỌC GIÁO DỤC,NXB Đại học Huế,ISBN,2024,CHECKED_UNRESOLVED,https://csdlkhoahoc.hueuni.edu.vn/index.php/book/detail/5221,Đã đọc lại nguồn Đại học Huế và tra mục lục Thư viện Quốc gia; chưa đủ căn cứ bổ sung các trường còn thiếu cho đúng ấn bản.,MISSING,,,Giáo dục học,UNIVERSITY_CANDIDATE,Ưu tiên tiếng Việt; ngôn ngữ ấn bản chưa được xác minh,ISBN_MISSING,,,5221,REVIEW,Cần kiểm tra: ISBN_MISSING
5776,Giáo trình triệu chứng học nội khoa,"Trần Văn Huy (Chủ biên), Nguyễn Đình Toàn, Hoàng Anh Tiến, Nguyễn Hoàng Thanh Vân",NXB Đại học Huế,2024,Giáo trình,Y học tổng hợp và nội khoa,,,false,https://csdlkhoahoc.hueuni.edu.vn/index.php/book/detail/5776,14,Giáo trình triệu chứng học nội khoa,"Trần Văn Huy(Chủ biên),Nguyễn Đình Toàn,Hoàng Anh Tiến,Nguyễn Hoàng Thanh Vân",Y học tổng hợp và nội khoa,NXB Đại học Huế,,2024,CHECKED_UNRESOLVED,https://csdlkhoahoc.hueuni.edu.vn/index.php/book/detail/5776; https://opac.nlv.gov.vn/chi-tiet-tai-lieu/giao-trinh-dai-hoc-trieu-chung-hoc-noi-202610662830813195856,"Mục lục ghi bản 2025, nguồn ghi 2024. Cần trang bản quyền để phân biệt ấn bản.",MISSING,,,Y dược và sức khỏe,UNIVERSITY_CANDIDATE,Ưu tiên tiếng Việt; ngôn ngữ ấn bản chưa được xác minh,EDITION_YEAR_REVIEW;ISBN_MISSING,,,5776,REVIEW,"Cần kiểm tra: ISBN_MISSING, EDITION_YEAR_REVIEW"
5389,Quản lý năng suất và chất lượng,"TS. Trần Thị Bích Ngọc, TS. Lê Viết Giáp, PGS. TS. Đoàn Hương Quỳnh (Chủ biên), TS. Đặng Phương Mai (Chủ biên), TS. Nguyễn Thu Thương, TS. Vũ Thị Kim Oanh, TS. Đoàn Thục Quyên, TS, Đào Mạnh Huy, TS. Bạch Thị Thanh Hà, TS. Trần Thanh Thu, TS. Nguyễn Thị Bảo Hiền, TS. Hồ Quỳnh Anh, TS. Lâm Thị Thanh Huyền, TS. Phạm Minh Đức, TS. Hoàng Mỹ Linh",NXB tài chính,2024,Giáo trình,KINH TẾ VÀ KINH DOANH,978-604-79-4268-8,9786047942688,true,https://csdlkhoahoc.hueuni.edu.vn/index.php/book/detail/5389,14,Quản lý năng suất và chất lượng,"TS. Trần Thị Bích Ngọc,TS. Lê Viết Giáp, PGS. TS. Đoàn Hương Quỳnh (Chủ biên), TS. Đặng Phương Mai (Chủ biên), TS. Nguyễn Thu Thương, TS. Vũ Thị Kim Oanh, TS. Đoàn Thục Quyên, TS, Đào Mạnh Huy, TS. Bạch Thị Thanh Hà, TS. Trần Thanh Thu, TS. Nguyễn Thị Bảo Hiền, TS. Hồ Quỳnh Anh, TS. Lâm Thị Thanh Huyền, TS. Phạm Minh Đức, TS. Hoàng Mỹ Linh",KINH TẾ VÀ KINH DOANH,Nhà xuất bản tài chính,978-604-79-4268-8,2024,CHECKED_UNRESOLVED,https://csdlkhoahoc.hueuni.edu.vn/index.php/book/detail/5389,"Danh sách tác giả nguồn vượt 255 ký tự. Giữ nguyên đầy đủ; đây là giới hạn trường nhập, không phải thiếu thông tin để tự cắt tên. Cần quyết định cách lưu tác giả đầy đủ trước khi nhập.",VALID,true,9786047942688,Kinh tế và quản trị,UNIVERSITY_CANDIDATE,Ưu tiên tiếng Việt; ngôn ngữ ấn bản chưa được xác minh,TOO_LONG_AUTHOR,,,5389,REVIEW,Cần kiểm tra: TOO_LONG_AUTHOR
5119,Cơ sở Tự nhiên Xã hội 2 (Lịch sử - Địa lý),"Thái Quang Trung (Chủ biên), Lê Phúc Chi Lăng",NXB Đại học Huế,2023,Giáo trình,KHOA HỌC XÃ HỘI,9786049747052,9786049747052,true,https://csdlkhoahoc.hueuni.edu.vn/index.php/book/detail/5119,14,Cơ sở Tự nhiên Xã hội 2 (Lịch sử - Địa lý),"Thái Quang Trung(Chủ biên),Lê Phúc Chi Lăng",KHOA HỌC XÃ HỘI,NXB Đại học Huế,978-604-974-705-7,2023,VERIFIED_UPDATE,https://csdlkhoahoc.hueuni.edu.vn/index.php/book/detail/5119; https://opac.nlv.gov.vn/chi-tiet-tai-lieu/giao-trinh-co-so-tu-nhien---xa-hoi-2-li-20268954580813191701; https://csdlkhoahoc.hueuni.edu.vn/data/2023/5/Chi_Lang_-Ly_lich_khoa_hoc.pdf,"Thư viện Quốc gia ghi ISBN hợp lệ 9786049747052 cho bản 2020, khớp nhan đề và hai tác giả. Hồ sơ tác giả cũng ghi năm 2020 nhưng in ISBN sai checksum. Nguồn sách hiện ghi 2023; cần xác minh năm trước khi nhập.",VALID,false,9786049747052,Khoa học xã hội và nhân văn,UNIVERSITY_CANDIDATE,Ưu tiên tiếng Việt; ngôn ngữ ấn bản chưa được xác minh,EDITION_YEAR_REVIEW,,,5119,REVIEW,Cần kiểm tra: EDITION_YEAR_REVIEW
5103,"Giáo trình sau đại học Hồi sức cấp cứu tập 1, 2","Nguyễn Văn Minh (Chủ biên), Trần Xuân Thịnh, Phan Thắng",NXB Đại học Huế,2023,Giáo trình,Điều trị tích cực và hồi sức cấp cứu,,,false,https://csdlkhoahoc.hueuni.edu.vn/index.php/book/detail/5103,15,"Giáo trình sau đại học Hồi sức cấp cứu tập 1, 2","Nguyễn Văn Minh(Chủ biên),Trần Xuân Thịnh,Phan Thắng",Điều trị tích cực và hồi sức cấp cứu,NXB Đại học Huế,,2023,CHECKED_UNRESOLVED,https://csdlkhoahoc.hueuni.edu.vn/index.php/book/detail/5103; https://opac.nlv.gov.vn/chi-tiet-tai-lieu/giao-trinh-sau-dai-hoc-hoi-suc-cap-cuu-202610779070813195621,"Nguồn gộp tập 1 và 2 năm 2023. Kết quả là từng tập tái bản 2025, mỗi tập có ISBN riêng; không gán ISBN của một tập cho cả bộ.",MISSING,,,Y dược và sức khỏe,UNIVERSITY_CANDIDATE,Ưu tiên tiếng Việt; ngôn ngữ ấn bản chưa được xác minh,EDITION_YEAR_REVIEW;ISBN_MISSING;POSSIBLE_DUPLICATE_TITLE,,,5103,REVIEW,"Cần kiểm tra: ISBN_MISSING, POSSIBLE_DUPLICATE_TITLE, EDITION_YEAR_REVIEW"
5178,Giáo trình tiếng Việt A2,,NXB Đại học Huế,2023,Giáo trình,NGÔN NGỮ HỌC VÀ VĂN HỌC,,,false,https://csdlkhoahoc.hueuni.edu.vn/index.php/book/detail/5178,15,Giáo trình tiếng Việt A2,,NGÔN NGỮ HỌC VÀ VĂN HỌC,NXB Đại học Huế,,2023,CHECKED_UNRESOLVED,https://csdlkhoahoc.hueuni.edu.vn/index.php/book/detail/5178; https://opac.nlv.gov.vn/chi-tiet-tai-lieu/giao-trinh-tieng-viet-trinh-do-a2-202610651970813195321,Nguồn thiếu cả tác giả; tìm thấy sách A2 năm 2024 nhưng chưa chứng minh đúng bản 2023 này.,MISSING,,,Ngôn ngữ và văn học,UNIVERSITY_CANDIDATE,Ưu tiên tiếng Việt; ngôn ngữ ấn bản chưa được xác minh,EDITION_YEAR_REVIEW;ISBN_MISSING;MISSING_AUTHOR,,,5178,REVIEW,"Cần kiểm tra: ISBN_MISSING, MISSING_AUTHOR, EDITION_YEAR_REVIEW"
5225,Giáo trình tiếng Việt trình độ A1,"Liêu Thị Thanh Nhàn, Lê Lâm Thi (Chủ biên), Đỗ Thị Xuân Dung, Ngô Thị Khai Nguyên, Trần Thị Xuân, Đặng Diễm Đông",NXB Đại học Huế,2023,Giáo trình,NGÔN NGỮ HỌC VÀ VĂN HỌC,ISBN,,false,https://csdlkhoahoc.hueuni.edu.vn/index.php/book/detail/5225,15,Giáo trình tiếng Việt trình độ A1,"Liêu Thị Thanh Nhàn,Lê Lâm Thi(Chủ biên),Đỗ Thị Xuân Dung,Ngô Thị Khai Nguyên,Trần Thị Xuân,Đặng Diễm Đông",NGÔN NGỮ HỌC VÀ VĂN HỌC,NXB Đại học Huế,ISBN,2023,CHECKED_UNRESOLVED,https://csdlkhoahoc.hueuni.edu.vn/index.php/book/detail/5225; https://opac.nlv.gov.vn/chi-tiet-tai-lieu/giao-trinh-tieng-viet-trinh-do-a1-202610651960813195321,"Có bản 2024 và tái bản cùng năm với ISBN khác; nguồn ghi 2023, chưa đủ căn cứ chọn ISBN.",MISSING,,,Ngôn ngữ và văn học,UNIVERSITY_CANDIDATE,Ưu tiên tiếng Việt; ngôn ngữ ấn bản chưa được xác minh,EDITION_YEAR_REVIEW;ISBN_MISSING,,,5225,REVIEW,"Cần kiểm tra: ISBN_MISSING, EDITION_YEAR_REVIEW"
5839,Sinh lý học thực vật,"Nguyễn Thị Quỳnh Trang (Chủ biên), Phạm Quang Chinh, Phùng Thị Bích Hòa",NXB Đại học Huế,2023,Giáo trình,SINH HỌC,,,false,https://csdlkhoahoc.hueuni.edu.vn/index.php/book/detail/5839,15,Sinh lý học thực vật,"Nguyễn Thị Quỳnh Trang(Chủ biên),Phạm Quang Chinh,Phùng Thị Bích Hòa",SINH HỌC,NXB Đại học Huế,,2023,CHECKED_UNRESOLVED,https://csdlkhoahoc.hueuni.edu.vn/index.php/book/detail/5839; https://opac.nlv.gov.vn/chi-tiet-tai-lieu/giao-trinh-sinh-ly-hoc-thuc-vat-202610751110813195658,"Đúng nhóm tác giả nhưng mục lục ghi bản 2025, nguồn ghi 2023. Giữ để kiểm tra ấn bản.",MISSING,,,Sinh học,UNIVERSITY_CANDIDATE,Ưu tiên tiếng Việt; ngôn ngữ ấn bản chưa được xác minh,EDITION_YEAR_REVIEW;ISBN_MISSING,,,5839,REVIEW,"Cần kiểm tra: ISBN_MISSING, EDITION_YEAR_REVIEW"
5369,Giáo trình tiếng Việt trình độ A2,"Liêu Thị Thanh Nhàn (Chủ biên), Đỗ Thị Xuân Dung, Lê Lâm Thi, Ngô Thị Khai Nguyên, Đặng Diễm Đông, Trần Thị Xuân, Dương Thị Nhung",NXB Đại học Huế,2023,Giáo trình,NGÔN NGỮ HỌC VÀ VĂN HỌC,,,false,https://csdlkhoahoc.hueuni.edu.vn/index.php/book/detail/5369,15,Giáo trình tiếng Việt trình độ A2,"Liêu Thị Thanh Nhàn(Chủ biên),Đỗ Thị Xuân Dung,Lê Lâm Thi,Ngô Thị Khai Nguyên,Đặng Diễm Đông,Trần Thị Xuân,Dương Thị Nhung",NGÔN NGỮ HỌC VÀ VĂN HỌC,NXB Đại học Huế,,2023,CHECKED_UNRESOLVED,https://csdlkhoahoc.hueuni.edu.vn/index.php/book/detail/5369; https://opac.nlv.gov.vn/chi-tiet-tai-lieu/giao-trinh-tieng-viet-trinh-do-a2-202610651970813195321,Tìm thấy bản A2 năm 2024; nguồn ghi 2023. Chưa dùng ISBN của bản 2024 cho bản 2023.,MISSING,,,Ngôn ngữ và văn học,UNIVERSITY_CANDIDATE,Ưu tiên tiếng Việt; ngôn ngữ ấn bản chưa được xác minh,EDITION_YEAR_REVIEW;ISBN_MISSING,,,5369,REVIEW,"Cần kiểm tra: ISBN_MISSING, EDITION_YEAR_REVIEW"
5092,CHỌN GIỐNG VÀ NHÂN GIỐNG VẬT NUÔI,"Nguyễn Minh Hoàn (Chủ biên), Lê Đình Phùng (Chủ biên), Lê Thị Lan Phương",NXB Đại học Huế,2023,Giáo trình,CHĂN NUÔI,978-604q-399-523-7,9786043995237,true,https://csdlkhoahoc.hueuni.edu.vn/index.php/book/detail/5092,15,CHỌN GIỐNG VÀ NHÂN GIỐNG VẬT NUÔI,"Nguyễn Minh Hoàn(Chủ biên),Lê Đình Phùng(Chủ biên),Lê Thị Lan Phương",CHĂN NUÔI,NXB Đại học Huế,978-604q-399-523-7,2023,CHECKED_UNRESOLVED,https://csdlkhoahoc.hueuni.edu.vn/index.php/book/detail/5092,Đã đọc lại nguồn Đại học Huế và tra mục lục Thư viện Quốc gia; chưa đủ căn cứ bổ sung các trường còn thiếu cho đúng ấn bản.,VALID,true,9786043995237,Nông nghiệp và thú y,UNIVERSITY_CANDIDATE,Ưu tiên tiếng Việt; ngôn ngữ ấn bản chưa được xác minh,POSSIBLE_DUPLICATE_TITLE,,,5092,REVIEW,Cần kiểm tra: POSSIBLE_DUPLICATE_TITLE
5144,Giáo trình Module 25: Y học cổ truyền - Phục hồi chức năng,"Đoàn Văn Minh (Chủ biên), Hà Chân Nhân (Chủ biên), Nguyễn Thị Tân, Phạm Thị Xuân Mai, Vương Thị Kim Chi, Đoàn Văn Hân, Nguyễn Thị Anh, Nguyễn Văn Hưng, Trần Nhật Minh, Nguyễn Ngọc Lê, Nguyễn Thị Hương Lam, Nguyễn Thiện Phước, Lê Thị Thu Thảo, Lê Thị Minh Thảo, Nguyễn Quang Tâm, Nguyễn Thị Kim Liên, Tôn Thất Minh Đạt, Trần Thị Quỳnh Trang, Nguyễn Thị Vân Kiều, Nguyễn Phước Minh Tâm",NXB Đại học Huế,2023,Giáo trình,Y học dân tộc; y học cổ truyền,978-604-399-568-8,9786043995688,true,https://csdlkhoahoc.hueuni.edu.vn/index.php/book/detail/5144,16,Giáo trình Module 25: Y học cổ truyền - Phục hồi chức năng,"Đoàn Văn Minh(Chủ biên),Hà Chân Nhân(Chủ biên),Nguyễn Thị Tân,Phạm Thị Xuân Mai,Vương Thị Kim Chi, Đoàn Văn Hân,Nguyễn Thị Anh,Nguyễn Văn Hưng,Trần Nhật Minh,Nguyễn Ngọc Lê,Nguyễn Thị Hương Lam,Nguyễn Thiện Phước,Lê Thị Thu Thảo,Lê Thị Minh Thảo,Nguyễn Quang Tâm,Nguyễn Thị Kim Liên,Tôn Thất Minh Đạt,Trần Thị Quỳnh Trang,Nguyễn Thị Vân Kiều,Nguyễn Phước Minh Tâm",Y học dân tộc; y học cổ truyền,NXB Đại học Huế,978-604-399-568-8,2023,CHECKED_UNRESOLVED,https://csdlkhoahoc.hueuni.edu.vn/index.php/book/detail/5144,"Danh sách tác giả nguồn vượt 255 ký tự. Giữ nguyên đầy đủ; đây là giới hạn trường nhập, không phải thiếu thông tin để tự cắt tên. Cần quyết định cách lưu tác giả đầy đủ trước khi nhập.",VALID,true,9786043995688,Y dược và sức khỏe,UNIVERSITY_CANDIDATE,Ưu tiên tiếng Việt; ngôn ngữ ấn bản chưa được xác minh,TOO_LONG_AUTHOR,,,5144,REVIEW,Cần kiểm tra: TOO_LONG_AUTHOR
5122,"Giáo trình sau đại học Hồi sức cấp cứu tập 1,2","Nguyễn Văn Minh (Chủ biên), Trần Xuân Thịnh (Chủ biên), Phan Thắng, Trần Thị Thu Lành",NXB Đại học Huế,2023,Giáo trình,Điều trị tích cực và hồi sức cấp cứu,,,false,https://csdlkhoahoc.hueuni.edu.vn/index.php/book/detail/5122,16,"Giáo trình sau đại học Hồi sức cấp cứu tập 1,2","Nguyễn Văn Minh(Chủ biên),Trần Xuân Thịnh(Chủ biên),Phan Thắng,Trần Thị Thu Lành",Điều trị tích cực và hồi sức cấp cứu,NXB Đại học Huế,,2023,CHECKED_UNRESOLVED,https://csdlkhoahoc.hueuni.edu.vn/index.php/book/detail/5122; https://opac.nlv.gov.vn/chi-tiet-tai-lieu/giao-trinh-sau-dai-hoc-hoi-suc-cap-cuu-202610779070813195621,Nguồn gộp tập 1 và 2 năm 2023. Phải xác minh và tách từng tập khi biên mục; chưa thay dữ liệu thành một tập tái bản 2025.,MISSING,,,Y dược và sức khỏe,UNIVERSITY_CANDIDATE,Ưu tiên tiếng Việt; ngôn ngữ ấn bản chưa được xác minh,EDITION_YEAR_REVIEW;ISBN_MISSING;POSSIBLE_DUPLICATE_TITLE,,,5122,REVIEW,"Cần kiểm tra: ISBN_MISSING, POSSIBLE_DUPLICATE_TITLE, EDITION_YEAR_REVIEW"
5046,Giáo trình từ vựng học tiếng Nhật,"Nguyễn Thị Hương Trà (Chủ biên), Trần Diễm Hà, Lê Thị Thu Hà, TRỊNH TRẦN NGỌC KHÁNH, Đào Thị Thùy Nhi, Phan Gia Nhật, TRẦN THỊ KHÁNH LIÊN",NXB Đại học Huế,2023,Giáo trình,KHOA HỌC NHÂN VĂN KHÁC,,,false,https://csdlkhoahoc.hueuni.edu.vn/index.php/book/detail/5046,17,Giáo trình từ vựng học tiếng Nhật,"Nguyễn Thị Hương Trà(Chủ biên),Trần Diễm Hà,Lê Thị Thu Hà,TRỊNH TRẦN NGỌC KHÁNH,Đào Thị Thùy Nhi,Phan Gia Nhật,TRẦN THỊ KHÁNH LIÊN",KHOA HỌC NHÂN VĂN KHÁC,NXB Đại học Huế,,2023,CHECKED_UNRESOLVED,https://csdlkhoahoc.hueuni.edu.vn/index.php/book/detail/5046,Đã đọc lại nguồn Đại học Huế và tra mục lục Thư viện Quốc gia; chưa đủ căn cứ bổ sung các trường còn thiếu cho đúng ấn bản.,MISSING,,,Khoa học xã hội và nhân văn,UNIVERSITY_CANDIDATE,Ưu tiên tiếng Việt; ngôn ngữ ấn bản chưa được xác minh,ISBN_MISSING;POSSIBLE_DUPLICATE_TITLE,,,5046,REVIEW,"Cần kiểm tra: ISBN_MISSING, POSSIBLE_DUPLICATE_TITLE"
5234,Giáo trình từ vựng học tiếng Nhật,"Nguyễn Thị Hương Trà (Chủ biên), Trần Diễm Hà, Lê Thị Thu Hà, TRỊNH TRẦN NGỌC KHÁNH, Đào Thị Thùy Nhi, Phan Gia Nhật, TRẦN THỊ KHÁNH LIÊN, Nguyễn Thị Vĩnh Tú",NXB Đại học Huế,2023,Giáo trình,KHOA HỌC NHÂN VĂN KHÁC,,,false,https://csdlkhoahoc.hueuni.edu.vn/index.php/book/detail/5234,17,Giáo trình từ vựng học tiếng Nhật,"Nguyễn Thị Hương Trà(Chủ biên),Trần Diễm Hà,Lê Thị Thu Hà,TRỊNH TRẦN NGỌC KHÁNH,Đào Thị Thùy Nhi,Phan Gia Nhật,TRẦN THỊ KHÁNH LIÊN,Nguyễn Thị Vĩnh Tú",KHOA HỌC NHÂN VĂN KHÁC,NXB Đại học Huế,,2023,CHECKED_UNRESOLVED,https://csdlkhoahoc.hueuni.edu.vn/index.php/book/detail/5234,Đã đọc lại nguồn Đại học Huế và tra mục lục Thư viện Quốc gia; chưa đủ căn cứ bổ sung các trường còn thiếu cho đúng ấn bản.,MISSING,,,Khoa học xã hội và nhân văn,UNIVERSITY_CANDIDATE,Ưu tiên tiếng Việt; ngôn ngữ ấn bản chưa được xác minh,ISBN_MISSING;POSSIBLE_DUPLICATE_TITLE,,,5234,REVIEW,"Cần kiểm tra: ISBN_MISSING, POSSIBLE_DUPLICATE_TITLE"
5048,Materials Development and Adaptation in English Language Teaching,Lê Phạm Hoài Hương (Chủ biên),NXB Đại học Huế,2023,Giáo trình,KHOA HỌC GIÁO DỤC,,,false,https://csdlkhoahoc.hueuni.edu.vn/index.php/book/detail/5048,17,Materials Development and Adaptation in English Language Teaching,Lê Phạm Hoài Hương(Chủ biên),KHOA HỌC GIÁO DỤC,NXB Đại học Huế,,2023,CHECKED_UNRESOLVED,https://csdlkhoahoc.hueuni.edu.vn/index.php/book/detail/5048,Đã đọc lại nguồn Đại học Huế và tra mục lục Thư viện Quốc gia; chưa đủ căn cứ bổ sung các trường còn thiếu cho đúng ấn bản.,MISSING,,,Giáo dục học,UNIVERSITY_CANDIDATE,Ưu tiên tiếng Việt; ngôn ngữ ấn bản chưa được xác minh,ISBN_MISSING,,,5048,REVIEW,Cần kiểm tra: ISBN_MISSING
5149,Mô Học,Nguyễn Phương Thảo Tiên (Chủ biên),Đại học huế,2023,Giáo trình,Y HỌC CƠ SỞ,,,false,https://csdlkhoahoc.hueuni.edu.vn/index.php/book/detail/5149,17,Mô Học,Nguyễn Phương Thảo Tiên(Chủ biên),Y HỌC CƠ SỞ,Đại học huế,,2023,CHECKED_UNRESOLVED,https://csdlkhoahoc.hueuni.edu.vn/index.php/book/detail/5149,Đã đọc lại nguồn Đại học Huế và tra mục lục Thư viện Quốc gia; chưa đủ căn cứ bổ sung các trường còn thiếu cho đúng ấn bản.,MISSING,,,Y dược và sức khỏe,UNIVERSITY_CANDIDATE,Ưu tiên tiếng Việt; ngôn ngữ ấn bản chưa được xác minh,ISBN_MISSING,,,5149,REVIEW,Cần kiểm tra: ISBN_MISSING
5858,Ngoại bệnh lý,Võ Minh Nhật,NXB Đại học Huế,2023,Giáo trình,Ngoại khoa,,,false,https://csdlkhoahoc.hueuni.edu.vn/index.php/book/detail/5858,17,Ngoại bệnh lý,Võ Minh Nhật,Ngoại khoa,NXB Đại học Huế,,2023,CHECKED_UNRESOLVED,https://csdlkhoahoc.hueuni.edu.vn/index.php/book/detail/5858,Đã đọc lại nguồn Đại học Huế và tra mục lục Thư viện Quốc gia; chưa đủ căn cứ bổ sung các trường còn thiếu cho đúng ấn bản.,MISSING,,,Y dược và sức khỏe,UNIVERSITY_CANDIDATE,Ưu tiên tiếng Việt; ngôn ngữ ấn bản chưa được xác minh,ISBN_MISSING,,,5858,REVIEW,Cần kiểm tra: ISBN_MISSING
5042,Nguyên Lý Kế Toán,Nguyễn Ngọc Thuỷ,NXB Đại học Huế,2023,Giáo trình,Kinh doanh và quản lý,,,false,https://csdlkhoahoc.hueuni.edu.vn/index.php/book/detail/5042,17,Nguyên Lý Kế Toán,Nguyễn Ngọc Thuỷ,Kinh doanh và quản lý,NXB Đại học Huế,,2023,CHECKED_UNRESOLVED,https://csdlkhoahoc.hueuni.edu.vn/index.php/book/detail/5042,Đã đọc lại nguồn Đại học Huế và tra mục lục Thư viện Quốc gia; chưa đủ căn cứ bổ sung các trường còn thiếu cho đúng ấn bản.,MISSING,,,Kinh tế và quản trị,UNIVERSITY_CANDIDATE,Ưu tiên tiếng Việt; ngôn ngữ ấn bản chưa được xác minh,EDITION_YEAR_REVIEW;ISBN_MISSING,,,5042,REVIEW,"Cần kiểm tra: ISBN_MISSING, EDITION_YEAR_REVIEW"
5230,Chọn giống và nhân giống vật nuôi,Nguyễn Minh Hoàn (Chủ biên),NXB Đại học Huế,2023,Giáo trình,Di truyền và nhân giống động vật nuôi,,,false,https://csdlkhoahoc.hueuni.edu.vn/index.php/book/detail/5230,17,Chọn giống và nhân giống vật nuôi,Nguyễn Minh Hoàn(Chủ biên),Di truyền và nhân giống động vật nuôi,NXB Đại học Huế,,2023,CHECKED_UNRESOLVED,https://csdlkhoahoc.hueuni.edu.vn/index.php/book/detail/5230,Đã đọc lại nguồn Đại học Huế và tra mục lục Thư viện Quốc gia; chưa đủ căn cứ bổ sung các trường còn thiếu cho đúng ấn bản.,MISSING,,,Nông nghiệp và thú y,UNIVERSITY_CANDIDATE,Ưu tiên tiếng Việt; ngôn ngữ ấn bản chưa được xác minh,ISBN_MISSING;POSSIBLE_DUPLICATE_TITLE,,,5230,REVIEW,"Cần kiểm tra: ISBN_MISSING, POSSIBLE_DUPLICATE_TITLE"
5707,Giáo trình Luật tố tụng dân sự Việt Nam,"Nguyễn Thị Thúy Hằng (Chủ biên), Đoàn Đức Lương (Chủ biên)",NXB Công an nhân dân,2023,Giáo trình,PHÁP LUẬT,978-604-72-6456-8,9786047264568,true,https://csdlkhoahoc.hueuni.edu.vn/index.php/book/detail/5707,17,Giáo trình Luật tố tụng dân sự Việt Nam,"Nguyễn Thị Thúy Hằng(Chủ biên),Đoàn Đức Lương(Chủ biên)",PHÁP LUẬT,NXB Tư Pháp,978-604-72-6456-8,2023,VERIFIED_UPDATE,https://csdlkhoahoc.hueuni.edu.vn/index.php/book/detail/5707; https://nlv.gov.vn/dmdocuments/tmqg-12-2023.pdf,"Thư mục Quốc gia tháng 12/2023, mục 272, xác nhận nhan đề, hai chủ biên, năm 2023 và NXB Công an nhân dân. Sửa nhà xuất bản Tư pháp; khác biệt danh sách người tham gia vẫn cần kiểm tra.",VALID,true,9786047264568,Luật học,UNIVERSITY_CANDIDATE,Ưu tiên tiếng Việt; ngôn ngữ ấn bản chưa được xác minh,AUTHOR_METADATA_REVIEW,,,5295;5707,REVIEW,Cần kiểm tra: AUTHOR_METADATA_REVIEW
5904,Giáo trình Tư pháp quốc tế,"Vũ Thị Hương (Chủ biên), Hoàng Thảo Anh, Đào Mộng Điệp, Nguyễn Thị Lê Huyền, Đỗ Thị Diện, Nguyễn Sơn Hà, Hồ Minh Thành",NXB Công an nhân dân,2023,Giáo trình,PHÁP LUẬT,978-604-72-6442-1,9786047264421,true,https://csdlkhoahoc.hueuni.edu.vn/index.php/book/detail/5904,18,Giáo trình Tư pháp quốc tế,"Vũ Thị Hương(Chủ biên),Hoàng Thảo Anh,Đào Mộng Điệp,Nguyễn Thị Lê Huyền,Đỗ Thị Diện,Nguyễn Sơn Hà,Hồ Minh Thành",PHÁP LUẬT,NXB Công an nhân dân,978-604-72-6442-1,2023,CHECKED_UNRESOLVED,https://csdlkhoahoc.hueuni.edu.vn/index.php/book/detail/5904,Đã đọc lại nguồn Đại học Huế và tra mục lục Thư viện Quốc gia; chưa đủ căn cứ bổ sung các trường còn thiếu cho đúng ấn bản.,VALID,true,9786047264421,Luật học,UNIVERSITY_CANDIDATE,Ưu tiên tiếng Việt; ngôn ngữ ấn bản chưa được xác minh,AUTHOR_METADATA_REVIEW,,,5304;5073;5904,REVIEW,Cần kiểm tra: AUTHOR_METADATA_REVIEW
4997,Đạo đức kinh doanh,Nguyễn Văn Thắng (Chủ biên),NXB Đại học Huế,2023,Giáo trình,KINH TẾ VÀ KINH DOANH,,,false,https://csdlkhoahoc.hueuni.edu.vn/index.php/book/detail/4997,18,Đạo đức kinh doanh,Nguyễn Văn Thắng(Chủ biên),KINH TẾ VÀ KINH DOANH,NXB Đại học Huế,,2023,CHECKED_UNRESOLVED,https://csdlkhoahoc.hueuni.edu.vn/index.php/book/detail/4997,Đã đọc lại nguồn Đại học Huế và tra mục lục Thư viện Quốc gia; chưa đủ căn cứ bổ sung các trường còn thiếu cho đúng ấn bản.,MISSING,,,Kinh tế và quản trị,UNIVERSITY_CANDIDATE,Ưu tiên tiếng Việt; ngôn ngữ ấn bản chưa được xác minh,ISBN_MISSING,,,4997,REVIEW,Cần kiểm tra: ISBN_MISSING
4996,Giáo trình giáo dục di sản trong nhà trường phổ thông,"Nguyễn Văn Thắng (Chủ biên), Lê Văn Thuật",NXB Đại học Huế,2023,Giáo trình,KHOA HỌC GIÁO DỤC,,,false,https://csdlkhoahoc.hueuni.edu.vn/index.php/book/detail/4996,18,Giáo trình giáo dục di sản trong nhà trường phổ thông,"Nguyễn Văn Thắng(Chủ biên),Lê Văn Thuật",KHOA HỌC GIÁO DỤC,NXB Đại học Huế,,2023,CHECKED_UNRESOLVED,https://csdlkhoahoc.hueuni.edu.vn/index.php/book/detail/4996,Đã đọc lại nguồn Đại học Huế và tra mục lục Thư viện Quốc gia; chưa đủ căn cứ bổ sung các trường còn thiếu cho đúng ấn bản.,MISSING,,,Giáo dục học,UNIVERSITY_CANDIDATE,Ưu tiên tiếng Việt; ngôn ngữ ấn bản chưa được xác minh,ISBN_MISSING,,,4996,REVIEW,Cần kiểm tra: ISBN_MISSING
5387,ĐẤT NƯỚC HỌC TRUNG QUỐC,"Liêu Linh Chuyên (chủ biên)(Chủ biên), Nguyễn Thị Linh Tú, Dương Thị Kim Hằng, Lê Thị Thanh Nhàn, TRỊNH THỊ TUYÊT NHUNG, Phan Phương Thanh, ĐOÀN THỊ THANH BÌNH",NXB Đại học Huế,2023,Giáo trình,NGÔN NGỮ HỌC VÀ VĂN HỌC,9786043996500,9786043996500,true,https://csdlkhoahoc.hueuni.edu.vn/index.php/book/detail/5387,18,ĐẤT NƯỚC HỌC TRUNG QUỐC,"Liêu Linh Chuyên (chủ biên)(Chủ biên),Nguyễn Thị Linh Tú,Dương Thị Kim Hằng,Lê Thị Thanh Nhàn,TRỊNH THỊ TUYÊT NHUNG,Phan Phương Thanh,ĐOÀN THỊ THANH BÌNH",NGÔN NGỮ HỌC VÀ VĂN HỌC,NXB Đại học Huế,ISBN 978 604 339 650- 0,2023,VERIFIED_UPDATE,https://csdlkhoahoc.hueuni.edu.vn/index.php/book/detail/5387; https://lib.huflis.edu.vn/opac/DmdInfo.aspx?mnuid=141&dmd_id=22684; https://opac.nlv.gov.vn/chi-tiet-tai-lieu/giao-trinh-dat-nuoc-hoc-trung-quoc-202610651830813195321,"MARC 020 của thư viện Đại học Ngoại ngữ Huế xác nhận 9786043996500, năm 2023. Thư viện Quốc gia ghi cùng ISBN nhưng năm 2024, số trang khác; chưa kết luận ấn bản. Giữ các năm gốc và yêu cầu xem trang bản quyền.",VALID,false,9786043996500,Ngôn ngữ và văn học,UNIVERSITY_CANDIDATE,Ưu tiên tiếng Việt; ngôn ngữ ấn bản chưa được xác minh,AUTHOR_METADATA_REVIEW;EDITION_YEAR_REVIEW,,,5387;5788,REVIEW,"Cần kiểm tra: AUTHOR_METADATA_REVIEW, EDITION_YEAR_REVIEW"
4931,Giáo trình Miễn dịch học Thú y,"Phạm Hồng Sơn (Chủ biên), Bùi Thị Hiền",NXB Đại học Huế,2023,Giáo trình,THÚ Y,,,false,https://csdlkhoahoc.hueuni.edu.vn/index.php/book/detail/4931,19,Giáo trình Miễn dịch học Thú y,"Phạm Hồng Sơn(Chủ biên),Bùi Thị Hiền",THÚ Y,NXB Đại học Huế,,2023,CHECKED_UNRESOLVED,https://csdlkhoahoc.hueuni.edu.vn/index.php/book/detail/4931,Đã đọc lại nguồn Đại học Huế và tra mục lục Thư viện Quốc gia; chưa đủ căn cứ bổ sung các trường còn thiếu cho đúng ấn bản.,MISSING,,,Nông nghiệp và thú y,UNIVERSITY_CANDIDATE,Ưu tiên tiếng Việt; ngôn ngữ ấn bản chưa được xác minh,ISBN_MISSING,,,4931,REVIEW,Cần kiểm tra: ISBN_MISSING
4886,Bài giảng Ngôn ngữ mô hình hoá UML,Nguyễn Văn Trung (Chủ biên),,2023,Giáo trình,Khoa học máy tính,,,false,https://csdlkhoahoc.hueuni.edu.vn/index.php/book/detail/4886,19,Bài giảng Ngôn ngữ mô hình hoá UML,Nguyễn Văn Trung(Chủ biên),Khoa học máy tính,,,2023,CHECKED_UNRESOLVED,https://csdlkhoahoc.hueuni.edu.vn/index.php/book/detail/4886; https://csdlkhoahoc.hueuni.edu.vn/data/2023/6/CamScanner_06-20-2023_17_10.pdf,"Tệp đính kèm là biên bản nghiệm thu bài giảng nội bộ, không phải trang bản quyền sách. Chưa xác định có ISBN hoặc nhà xuất bản; không gán trường đại học làm nhà xuất bản khi chưa có chứng cứ.",MISSING,,,Công nghệ thông tin,UNIVERSITY_CANDIDATE,Ưu tiên tiếng Việt; ngôn ngữ ấn bản chưa được xác minh,INTERNAL_TEACHING_MATERIAL;ISBN_MISSING;MISSING_PUBLISHER,,,4886,REVIEW,"Cần kiểm tra: ISBN_MISSING, MISSING_PUBLISHER, INTERNAL_TEACHING_MATERIAL"
4865,Giáo dục môi trường đại cương,"Trần Anh Tuấn (Chủ biên), Đường Văn Hiếu (Chủ biên), Hoàng Công Tín (Chủ biên), Lê Thị Tịnh Chi, Lê Văn Tuấn, Trần Ngọc Tuấn, Nguyễn Bắc Giang, Mai Ngọc Châu, Lê Thị Phương Chi, Hoàng Thị Mỹ Hằng, Đặng Thị Thanh Lộc, Lê Công Tuấn, Trương Quý Tùng, Dương Thành Chung",NXB Đại học Huế,2023,Giáo trình,CÁC KHOA HỌC TRÁI ĐẤT VÀ MÔI TRƯỜNG LIÊN QUAN,978-604-912-648-2,9786049126482,true,https://csdlkhoahoc.hueuni.edu.vn/index.php/book/detail/4865,19,Giáo dục môi trường đại cương,"Trần Anh Tuấn(Chủ biên),Đường Văn Hiếu(Chủ biên),Hoàng Công Tín(Chủ biên),Lê Thị Tịnh Chi,Lê Văn Tuấn,Trần Ngọc Tuấn,Nguyễn Bắc Giang,Mai Ngọc Châu,Lê Thị Phương Chi,Hoàng Thị Mỹ Hằng,Đặng Thị Thanh Lộc,Lê Công Tuấn,Trương Quý Tùng,Dương Thành Chung",CÁC KHOA HỌC TRÁI ĐẤT VÀ MÔI TRƯỜNG LIÊN QUAN,NXB Đại học Huế,978-604-912-648-2,2023,CHECKED_UNRESOLVED,https://csdlkhoahoc.hueuni.edu.vn/index.php/book/detail/4865,"Danh sách tác giả nguồn vượt 255 ký tự. Giữ nguyên đầy đủ; đây là giới hạn trường nhập, không phải thiếu thông tin để tự cắt tên. Cần quyết định cách lưu tác giả đầy đủ trước khi nhập.",VALID,true,9786049126482,Địa lý và môi trường,UNIVERSITY_CANDIDATE,Ưu tiên tiếng Việt; ngôn ngữ ấn bản chưa được xác minh,TOO_LONG_AUTHOR,,,4865,REVIEW,Cần kiểm tra: TOO_LONG_AUTHOR
4821,HỆ THỐNG HỖ TRỢ BIÊN DỊCH BẰNG MÁY TÍNH (COMPUTER-ASSISTED TRANSLATION SYSTEMS),PHAN THỊ THANH THẢO (Chủ biên),NXB Đại học Huế,2023,Giáo trình,Nghiên cứu ngôn ngữ khác,,,false,https://csdlkhoahoc.hueuni.edu.vn/index.php/book/detail/4821,20,HỆ THỐNG HỖ TRỢ BIÊN DỊCH BẰNG MÁY TÍNH (COMPUTER-ASSISTED TRANSLATION SYSTEMS),PHAN THỊ THANH THẢO(Chủ biên),Nghiên cứu ngôn ngữ khác,NXB Đại học Huế,,2023,CHECKED_UNRESOLVED,https://csdlkhoahoc.hueuni.edu.vn/index.php/book/detail/4821; https://opac.nlv.gov.vn/chi-tiet-tai-lieu/computer---assisted-translation-systems-20269898620813193602,"Mục lục hai thư viện cùng ghi bản 2022, trong khi nguồn ghi 2023; chưa xác minh đây là cùng ấn bản.",MISSING,,,Ngôn ngữ và văn học,UNIVERSITY_CANDIDATE,Ưu tiên tiếng Việt; ngôn ngữ ấn bản chưa được xác minh,EDITION_YEAR_REVIEW;ISBN_MISSING,,,4821,REVIEW,"Cần kiểm tra: ISBN_MISSING, EDITION_YEAR_REVIEW"
5857,Ngoại cơ sở,Võ Minh Nhật,NXB Đại học Huế,2023,Giáo trình,Ngoại khoa,,,false,https://csdlkhoahoc.hueuni.edu.vn/index.php/book/detail/5857,20,Ngoại cơ sở,Võ Minh Nhật,Ngoại khoa,NXB Đại học Huế,,2023,CHECKED_UNRESOLVED,https://csdlkhoahoc.hueuni.edu.vn/index.php/book/detail/5857,Đã đọc lại nguồn Đại học Huế và tra mục lục Thư viện Quốc gia; chưa đủ căn cứ bổ sung các trường còn thiếu cho đúng ấn bản.,MISSING,,,Y dược và sức khỏe,UNIVERSITY_CANDIDATE,Ưu tiên tiếng Việt; ngôn ngữ ấn bản chưa được xác minh,ISBN_MISSING,,,5857,REVIEW,Cần kiểm tra: ISBN_MISSING
