source_id,title,before_status,after_status,before_issues,remaining_issues,duplicate_of,updated_fields,sources,notes
6043,Phương Pháp dạy học Mĩ thuật ở Tiểu học,REVIEW,REVIEW,ISBN_MISSING;MISSING_PUBLISHER,ISBN_MISSING;MISSING_PUBLISHER,,,https://csdlkhoahoc.hueuni.edu.vn/index.php/book/detail/6043,Đã đọc lại nguồn Đại học Huế và tra mục lục Thư viện Quốc gia; chưa đủ căn cứ bổ sung các trường còn thiếu cho đúng ấn bản.
6020,Giáo trình Dữ liệu Liên kết,REVIEW,REVIEW,ISBN_MISSING;MISSING_PUBLISHER,ISBN_MISSING,,publisher,https://csdlkhoahoc.hueuni.edu.vn/index.php/book/detail/6020; https://csdlkhoahoc.hueuni.edu.vn/data/2026/9/GiaoTrinhLinkedData.pdf,"Trang tên của tệp đính kèm ghi NXB Đại học Huế, 2026. Không thấy ISBN trong phần biên mục; giữ thiếu ISBN, mã GT/12-2026 không phải ISBN."
5994,Giáo dục học 1,REVIEW,REVIEW,ISBN_MISSING,ISBN_MISSING,,,https://csdlkhoahoc.hueuni.edu.vn/index.php/book/detail/5994,Đã đọc lại nguồn Đại học Huế và tra mục lục Thư viện Quốc gia; chưa đủ căn cứ bổ sung các trường còn thiếu cho đúng ấn bản.
6052,Giáo trình Chính trị học đại cương,REVIEW,REVIEW,AUTHOR_METADATA_REVIEW,AUTHOR_METADATA_REVIEW,,,https://csdlkhoahoc.hueuni.edu.vn/index.php/book/detail/6052,Đã đọc lại nguồn Đại học Huế và tra mục lục Thư viện Quốc gia; chưa đủ căn cứ bổ sung các trường còn thiếu cho đúng ấn bản.
6028,Giáo trình Chẩn đoán hình ảnh,REVIEW,REVIEW,ISBN_MISSING,ISBN_MISSING,,,https://csdlkhoahoc.hueuni.edu.vn/index.php/book/detail/6028,Đã đọc lại nguồn Đại học Huế và tra mục lục Thư viện Quốc gia; chưa đủ căn cứ bổ sung các trường còn thiếu cho đúng ấn bản.
5931,Public International Law 2,REVIEW,REVIEW,MISSING_PUBLISHER,MISSING_PUBLISHER,,,https://csdlkhoahoc.hueuni.edu.vn/index.php/book/detail/5931,Đã đọc lại nguồn Đại học Huế và tra mục lục Thư viện Quốc gia; chưa đủ căn cứ bổ sung các trường còn thiếu cho đúng ấn bản.
5966,Giáo trình Điện hóa học,REVIEW,READY,ISBN_MISSING,,,isbn_raw,https://csdlkhoahoc.hueuni.edu.vn/index.php/book/detail/5966; https://opac.nlv.gov.vn/chi-tiet-tai-lieu/giao-trinh-dien-hoa-hoc-202611304130813201146,"Bổ sung/đính chính ISBN theo MARC 020 của Thư viện Quốc gia; đã đối chiếu nhan đề, tác giả, nhà xuất bản và năm với bản ghi nguồn."
6072,Hệ chuyển hóa học,REVIEW,REVIEW,ISBN_MISSING;MISSING_PUBLISHER,ISBN_MISSING;MISSING_PUBLISHER,,,https://csdlkhoahoc.hueuni.edu.vn/index.php/book/detail/6072,Đã đọc lại nguồn Đại học Huế và tra mục lục Thư viện Quốc gia; chưa đủ căn cứ bổ sung các trường còn thiếu cho đúng ấn bản.
6024,Châm cứu học (Dành cho sinh viên ngành Y học cổ truyền hệ chính quy),REVIEW,REVIEW,AUTHOR_METADATA_REVIEW;TOO_LONG_AUTHOR,TOO_LONG_AUTHOR,,,https://csdlkhoahoc.hueuni.edu.vn/index.php/book/detail/6024; https://opac.nlv.gov.vn/chi-tiet-tai-lieu/giao-trinh-cham-cuu-hoc-202611304110813201203,"Thư viện Quốc gia xác nhận ISBN, năm 2026 và chủ biên Đoàn Văn Minh. Hồ sơ 6018 chỉ kê một người tham gia; giữ danh sách đầy đủ của 6024. Vẫn vướng giới hạn 255 ký tự, không cắt tác giả."
5829,Sử dụng phương tiện trực quan trong dạy học môn Lịch sử và Địa lí Trung học cơ sở,REVIEW,REVIEW,ISBN_MISSING,ISBN_MISSING,,,https://csdlkhoahoc.hueuni.edu.vn/index.php/book/detail/5829,Đã đọc lại nguồn Đại học Huế và tra mục lục Thư viện Quốc gia; chưa đủ căn cứ bổ sung các trường còn thiếu cho đúng ấn bản.
6003,TIẾNG ANH CHUYÊN NGÀNH Y - DƯỢC,REVIEW,REVIEW,ISBN_MISSING;MISSING_AUTHOR;MISSING_PUBLISHER,ISBN_MISSING;MISSING_AUTHOR;MISSING_PUBLISHER,,,https://csdlkhoahoc.hueuni.edu.vn/index.php/book/detail/6003,Đã đọc lại nguồn Đại học Huế và tra mục lục Thư viện Quốc gia; chưa đủ căn cứ bổ sung các trường còn thiếu cho đúng ấn bản.
6070,Con người và sức khỏe,REVIEW,REVIEW,ISBN_MISSING,ISBN_MISSING,,,https://csdlkhoahoc.hueuni.edu.vn/index.php/book/detail/6070,Đã đọc lại nguồn Đại học Huế và tra mục lục Thư viện Quốc gia; chưa đủ căn cứ bổ sung các trường còn thiếu cho đúng ấn bản.
5815,Lý thuyết trường điện từ,REVIEW,READY,ISBN_INVALID,,,isbn_raw,https://csdlkhoahoc.hueuni.edu.vn/index.php/book/detail/5815; https://opac.nlv.gov.vn/chi-tiet-tai-lieu/giao-trinh-ly-thuyet-truong-dien-tu-202611014710813200219; https://csdlkhoahoc.hueuni.edu.vn/data/2026/7/Giao_trinh_Ly_thuyet_truong_dien_tu.pdf,"Bổ sung/đính chính ISBN theo MARC 020 của Thư viện Quốc gia; đã đối chiếu nhan đề, tác giả, nhà xuất bản và năm với bản ghi nguồn. Trang bản quyền đính kèm cũng in 978-632-627-126-7 (sai checksum); mã 9786326271263 lấy từ thư viện, không phải tự tính rồi đoán mã thay thế."
6004,TIẾNG ANH CHUYÊN NGÀNH Y - DƯỢC,REVIEW,REVIEW,ISBN_MISSING;MISSING_PUBLISHER,ISBN_MISSING;MISSING_PUBLISHER,,,https://csdlkhoahoc.hueuni.edu.vn/index.php/book/detail/6004,Đã đọc lại nguồn Đại học Huế và tra mục lục Thư viện Quốc gia; chưa đủ căn cứ bổ sung các trường còn thiếu cho đúng ấn bản.
5771,Những vấn đề tim mạch thiết yếu,REVIEW,REVIEW,ISBN_MISSING,ISBN_MISSING,,,https://csdlkhoahoc.hueuni.edu.vn/index.php/book/detail/5771,Đã đọc lại nguồn Đại học Huế và tra mục lục Thư viện Quốc gia; chưa đủ căn cứ bổ sung các trường còn thiếu cho đúng ấn bản.
6077,TÀI LIỆU BỒI DƯỠNG THEO TIÊU CHUẨN CHỨC DANH NGHỀ NGHIỆP VIÊN CHỨC TƯ VẤN HỌC SINH,REVIEW,REVIEW,ISBN_MISSING;MISSING_PUBLISHER,ISBN_MISSING;MISSING_PUBLISHER,,,https://csdlkhoahoc.hueuni.edu.vn/index.php/book/detail/6077,Đã đọc lại nguồn Đại học Huế và tra mục lục Thư viện Quốc gia; chưa đủ căn cứ bổ sung các trường còn thiếu cho đúng ấn bản.
5739,Sản xuất cây trồng thích ứng với Biến đổi khí hậu,REVIEW,READY,ISBN_MISSING,,,isbn_raw,https://csdlkhoahoc.hueuni.edu.vn/index.php/book/detail/5739; https://opac.nlv.gov.vn/chi-tiet-tai-lieu/giao-trinh-san-xuat-cay-trong-thich-ung-202611278050813200856,"Bổ sung/đính chính ISBN theo MARC 020 của Thư viện Quốc gia; đã đối chiếu nhan đề, tác giả, nhà xuất bản và năm với bản ghi nguồn."
5727,Giáo dục STEAM cho trẻ mầm non,REVIEW,REVIEW,ISBN_INVALID,ISBN_INVALID,,,https://csdlkhoahoc.hueuni.edu.vn/index.php/book/detail/5727,Đã đọc lại nguồn Đại học Huế và tra mục lục Thư viện Quốc gia; chưa đủ căn cứ bổ sung các trường còn thiếu cho đúng ấn bản.
6067,Bài giảng Phân tích và Thiết kế các hệ thống thông tin,REVIEW,REVIEW,ISBN_MISSING;MISSING_PUBLISHER,INTERNAL_TEACHING_MATERIAL;ISBN_MISSING;MISSING_PUBLISHER,,,https://csdlkhoahoc.hueuni.edu.vn/index.php/book/detail/6067; https://csdlkhoahoc.hueuni.edu.vn/data/2026/9/Bien_ban_nghiem_thu_bai_giang.pdf,"Tệp đính kèm là biên bản nghiệm thu bài giảng nội bộ, không phải trang bản quyền sách. Chưa xác định có ISBN hoặc nhà xuất bản; không gán trường đại học làm nhà xuất bản khi chưa có chứng cứ."
5231,LÝ LUẬN VÀ PHƯƠNG PHÁP DẠY HỌC TIẾNG PHÁP NGOẠI NGỮ ( DIDACTIQUE DU FRANÇAIS LANGUE ÉTRANGÈRE),REVIEW,REVIEW,EDITION_YEAR_REVIEW,EDITION_YEAR_REVIEW,,,https://csdlkhoahoc.hueuni.edu.vn/index.php/book/detail/5231,Đã đọc lại nguồn Đại học Huế và tra mục lục Thư viện Quốc gia; chưa đủ căn cứ bổ sung các trường còn thiếu cho đúng ấn bản.
5631,Inorganic Chemistry,REVIEW,REVIEW,ISBN_MISSING,EDITION_YEAR_REVIEW,,isbn_raw,https://csdlkhoahoc.hueuni.edu.vn/index.php/book/detail/5631; https://csdlkhoahoc.hueuni.edu.vn/data/2025/7/2__Quyet_dinh_xuat_ban.pdf; https://opac.nlv.gov.vn/chi-tiet-tai-lieu/textbook-inorganic-chemistry-202610687650813200048,"Quyết định xuất bản đính kèm ngày 23/02/2024 ghi ISBN 978-604-489-084-5; Thư viện Quốc gia ghi bản 2024. Nguồn đang ghi 2025 và còn một ISBN khác của bản 2024, nên chưa tự đổi năm hoặc coi đã xác minh đủ ấn bản."
5956,GIÁO TRÌNH ĐẠI HỌC CHĂM SÓC SỨC KHOẺ CỘNG ĐỒNG,REVIEW,REVIEW,TOO_LONG_AUTHOR,TOO_LONG_AUTHOR,,,https://csdlkhoahoc.hueuni.edu.vn/index.php/book/detail/5956,"Danh sách tác giả nguồn vượt 255 ký tự. Giữ nguyên đầy đủ; đây là giới hạn trường nhập, không phải thiếu thông tin để tự cắt tên. Cần quyết định cách lưu tác giả đầy đủ trước khi nhập."
5591,Giáo trình đại học: Lâm sàng Nhi khoa - Tập 1 (Dành cho sinh viên ngành Y khoa),REVIEW,REVIEW,TOO_LONG_AUTHOR,TOO_LONG_AUTHOR,,title,https://csdlkhoahoc.hueuni.edu.vn/index.php/book/detail/5591; https://opac.nlv.gov.vn/chi-tiet-tai-lieu/giao-trinh-dai-hoc-lam-sang-nhi-khoa-t-202610827930813195843,"ISBN 9786044898810 là Tập 1, 2025 theo MARC 245/260. Bổ sung số tập để tránh hiểu là cả bộ. Giữ danh sách tác giả đầy đủ; vẫn cần xử lý giới hạn 255 ký tự."
5558,Giáo trình Quản lý và Marketing điểm đến du lịch,REVIEW,REVIEW,ISBN_METADATA_CONFLICT,ISBN_METADATA_CONFLICT,,,https://csdlkhoahoc.hueuni.edu.vn/index.php/book/detail/5558,Đã đọc lại nguồn Đại học Huế và tra mục lục Thư viện Quốc gia; chưa đủ căn cứ bổ sung các trường còn thiếu cho đúng ấn bản.
5667,Giáo trình Thú y cơ bản,REVIEW,READY,ISBN_MISSING,,,isbn_raw,https://csdlkhoahoc.hueuni.edu.vn/index.php/book/detail/5667; https://opac.nlv.gov.vn/chi-tiet-tai-lieu/giao-trinh-thu-y-co-ban-202610818150813195825,"Bổ sung/đính chính ISBN theo MARC 020 của Thư viện Quốc gia; đã đối chiếu nhan đề, tác giả, nhà xuất bản và năm với bản ghi nguồn."
5630,Tổ chức hoạt động trải nghiệm sáng tạo trong dạy học vật lý,REVIEW,READY,MISSING_PUBLISHER,,,publisher,https://csdlkhoahoc.hueuni.edu.vn/index.php/book/detail/5630; https://opac.nlv.gov.vn/chi-tiet-tai-lieu/giao-trinh-to-chuc-hoat-dong-trai-nghiem-202610726070813195754,"ISBN, nhan đề, tác giả và năm 2025 khớp mục lục Thư viện Quốc gia; bổ sung nhà xuất bản từ MARC 260."
5779,Giáo trình suy tim và cấp cứu tim mạch,REVIEW,REVIEW,ISBN_MISSING,ISBN_MISSING,,,https://csdlkhoahoc.hueuni.edu.vn/index.php/book/detail/5779,Đã đọc lại nguồn Đại học Huế và tra mục lục Thư viện Quốc gia; chưa đủ căn cứ bổ sung các trường còn thiếu cho đúng ấn bản.
5781,Giáo trình thăm dò chức năng tim mạch,REVIEW,READY,ISBN_MISSING,,,isbn_raw,https://csdlkhoahoc.hueuni.edu.vn/index.php/book/detail/5781; https://opac.nlv.gov.vn/chi-tiet-tai-lieu/giao-trinh-tham-do-chuc-nang-tim-mach-202610827320813195540,"Bổ sung/đính chính ISBN theo MARC 020 của Thư viện Quốc gia; đã đối chiếu nhan đề, tác giả, nhà xuất bản và năm với bản ghi nguồn."
5459,Giáo trình Module 27: Tâm thần - Thần kinh,REVIEW,REVIEW,ISBN_INVALID,EDITION_YEAR_REVIEW,,title; isbn_raw,https://csdlkhoahoc.hueuni.edu.vn/index.php/book/detail/5459; https://opac.nlv.gov.vn/chi-tiet-tai-lieu/giao-trinh-module-27---tam-than-than-ki-202610352830813194848; https://opac.nlv.gov.vn/chi-tiet-tai-lieu/giao-trinh-module-27---tam-than-than-ki-202610778790813195521,"MARC 020 xác nhận tiền tố 978, cùng nội dung và tác giả. Tuy nhiên ISBN này thuộc bản 2023; bản tái bản 2024 có ISBN 9786044893921. Giữ cờ năm/ấn bản để kiểm tra, không chọn thay ISBN theo năm một cách tự động."
5692,Quản trị Logistics căn bản,REVIEW,REVIEW,AUTHOR_METADATA_REVIEW,AUTHOR_METADATA_REVIEW,,,https://csdlkhoahoc.hueuni.edu.vn/index.php/book/detail/5692,Đã đọc lại nguồn Đại học Huế và tra mục lục Thư viện Quốc gia; chưa đủ căn cứ bổ sung các trường còn thiếu cho đúng ấn bản.
5540,Giáo dục kỹ năng sống dành cho sinh viên ngành Giáo dục công dân và Giáo dục quốc phòng - an ninh,REVIEW,REVIEW,ISBN_MISSING,ISBN_MISSING,,,https://csdlkhoahoc.hueuni.edu.vn/index.php/book/detail/5540,Đã đọc lại nguồn Đại học Huế và tra mục lục Thư viện Quốc gia; chưa đủ căn cứ bổ sung các trường còn thiếu cho đúng ấn bản.
5624,Giáo trình Luật thương mại quốc tế,REVIEW,REVIEW,AUTHOR_METADATA_REVIEW,AUTHOR_METADATA_REVIEW,,,https://csdlkhoahoc.hueuni.edu.vn/index.php/book/detail/5624,Đã đọc lại nguồn Đại học Huế và tra mục lục Thư viện Quốc gia; chưa đủ căn cứ bổ sung các trường còn thiếu cho đúng ấn bản.
5910,Cú pháp học Ngữ pháp tiếng Nhật 2,REVIEW,REVIEW,ISBN_MISSING,ISBN_MISSING,,,https://csdlkhoahoc.hueuni.edu.vn/index.php/book/detail/5910,Đã đọc lại nguồn Đại học Huế và tra mục lục Thư viện Quốc gia; chưa đủ căn cứ bổ sung các trường còn thiếu cho đúng ấn bản.
5329,Hóa học Công nghệ và Môi trường,REVIEW,READY,ISBN_MISSING,,,isbn_raw,https://csdlkhoahoc.hueuni.edu.vn/index.php/book/detail/5329; https://opac.nlv.gov.vn/chi-tiet-tai-lieu/giao-trinh-hoa-hoc-cong-nghe-va-moi-truo-202610650460813195325,"Bổ sung/đính chính ISBN theo MARC 020 của Thư viện Quốc gia; đã đối chiếu nhan đề, tác giả, nhà xuất bản và năm với bản ghi nguồn."
5323,LƯỢC KHẢO CHỮ HÁN VÀ VĂN BẢN HÁN VĂN,REVIEW,REVIEW,ISBN_MISSING;MISSING_PUBLISHER,ISBN_MISSING;MISSING_PUBLISHER,,,https://csdlkhoahoc.hueuni.edu.vn/index.php/book/detail/5323,Đã đọc lại nguồn Đại học Huế và tra mục lục Thư viện Quốc gia; chưa đủ căn cứ bổ sung các trường còn thiếu cho đúng ấn bản.
5357,Phương ngữ học,REVIEW,REVIEW,ISBN_MISSING;MISSING_PUBLISHER,ISBN_MISSING;MISSING_PUBLISHER,,,https://csdlkhoahoc.hueuni.edu.vn/index.php/book/detail/5357,Đã đọc lại nguồn Đại học Huế và tra mục lục Thư viện Quốc gia; chưa đủ căn cứ bổ sung các trường còn thiếu cho đúng ấn bản.
5435,GIÁO TRÌNH VẬT LÝ-LÝ SINH (dành cho sinh viên ngành Kỹ thuật hình ảnh y học),REVIEW,READY,ISBN_MISSING,,,isbn_raw,https://csdlkhoahoc.hueuni.edu.vn/index.php/book/detail/5435; https://opac.nlv.gov.vn/chi-tiet-tai-lieu/giao-trinh-vat-ly---ly-sinh-202610778850813195522,"Bổ sung/đính chính ISBN theo MARC 020 của Thư viện Quốc gia; đã đối chiếu nhan đề, tác giả, nhà xuất bản và năm với bản ghi nguồn."
5393,Quản lý và Marketing điểm đến du lịch,REVIEW,REVIEW,ISBN_METADATA_CONFLICT,ISBN_METADATA_CONFLICT,,,https://csdlkhoahoc.hueuni.edu.vn/index.php/book/detail/5393,Đã đọc lại nguồn Đại học Huế và tra mục lục Thư viện Quốc gia; chưa đủ căn cứ bổ sung các trường còn thiếu cho đúng ấn bản.
5233,Giáo trình đất nước học,REVIEW,REVIEW,ISBN_MISSING,ISBN_MISSING,,,https://csdlkhoahoc.hueuni.edu.vn/index.php/book/detail/5233,Đã đọc lại nguồn Đại học Huế và tra mục lục Thư viện Quốc gia; chưa đủ căn cứ bổ sung các trường còn thiếu cho đúng ấn bản.
5314,Học liệu điện tử - Hóa học phân tích,REVIEW,REVIEW,ISBN_MISSING;MISSING_PUBLISHER,ISBN_MISSING;MISSING_PUBLISHER,,,https://csdlkhoahoc.hueuni.edu.vn/index.php/book/detail/5314,Đã đọc lại nguồn Đại học Huế và tra mục lục Thư viện Quốc gia; chưa đủ căn cứ bổ sung các trường còn thiếu cho đúng ấn bản.
5051,法律汉语,REVIEW,REVIEW,ISBN_MISSING;POSSIBLE_DUPLICATE_TITLE,ISBN_MISSING;POSSIBLE_DUPLICATE_TITLE,,,https://csdlkhoahoc.hueuni.edu.vn/index.php/book/detail/5051,Đã đọc lại nguồn Đại học Huế và tra mục lục Thư viện Quốc gia; chưa đủ căn cứ bổ sung các trường còn thiếu cho đúng ấn bản.
5227,Giáo trình ngôn ngữ văn bản pháp luật tiếng Trung Quốc- 法律汉语,REVIEW,REVIEW,ISBN_MISSING;POSSIBLE_DUPLICATE_TITLE,ISBN_MISSING;POSSIBLE_DUPLICATE_TITLE,,,https://csdlkhoahoc.hueuni.edu.vn/index.php/book/detail/5227,Đã đọc lại nguồn Đại học Huế và tra mục lục Thư viện Quốc gia; chưa đủ căn cứ bổ sung các trường còn thiếu cho đúng ấn bản.
5315,Giáo trình Nhiệt học,REVIEW,READY,ISBN_INVALID,,,isbn_raw,https://csdlkhoahoc.hueuni.edu.vn/index.php/book/detail/5315; https://opac.nlv.gov.vn/chi-tiet-tai-lieu/giao-trinh-nhiet-hoc-202610290610813194619,"Bổ sung/đính chính ISBN theo MARC 020 của Thư viện Quốc gia; đã đối chiếu nhan đề, tác giả, nhà xuất bản và năm với bản ghi nguồn."
6000,Giáo trình Ngôn ngữ văn bản Pháp luật tiếng Trung Quốc（法律汉语）,REVIEW,REVIEW,POSSIBLE_DUPLICATE_TITLE,POSSIBLE_DUPLICATE_TITLE,,,https://csdlkhoahoc.hueuni.edu.vn/index.php/book/detail/6000,Đã đọc lại nguồn Đại học Huế và tra mục lục Thư viện Quốc gia; chưa đủ căn cứ bổ sung các trường còn thiếu cho đúng ấn bản.
5216,法律汉语,REVIEW,REVIEW,ISBN_MISSING;POSSIBLE_DUPLICATE_TITLE,ISBN_MISSING;POSSIBLE_DUPLICATE_TITLE,,,https://csdlkhoahoc.hueuni.edu.vn/index.php/book/detail/5216,Đã đọc lại nguồn Đại học Huế và tra mục lục Thư viện Quốc gia; chưa đủ căn cứ bổ sung các trường còn thiếu cho đúng ấn bản.
4417,Giáo dục học 2,REVIEW,READY,ISBN_MISSING,,,isbn_raw,https://csdlkhoahoc.hueuni.edu.vn/index.php/book/detail/4417; https://opac.nlv.gov.vn/chi-tiet-tai-lieu/giao-trinh-giao-duc-hoc-2-202610621500813195219,"Bổ sung/đính chính ISBN theo MARC 020 của Thư viện Quốc gia; đã đối chiếu nhan đề, tác giả, nhà xuất bản và năm với bản ghi nguồn."
5192,Kiểm toán căn bản,REVIEW,REVIEW,ISBN_MISSING,ISBN_MISSING,,,https://csdlkhoahoc.hueuni.edu.vn/index.php/book/detail/5192,Đã đọc lại nguồn Đại học Huế và tra mục lục Thư viện Quốc gia; chưa đủ căn cứ bổ sung các trường còn thiếu cho đúng ấn bản.
5333,Bài giảng Mẫu thiết kế,REVIEW,REVIEW,ISBN_MISSING;MISSING_PUBLISHER,INTERNAL_TEACHING_MATERIAL;ISBN_MISSING;MISSING_PUBLISHER,,,https://csdlkhoahoc.hueuni.edu.vn/index.php/book/detail/5333; https://csdlkhoahoc.hueuni.edu.vn/data/2024/7/CamScanner_07-31-2024_15_08.pdf,"Tệp đính kèm là biên bản nghiệm thu bài giảng nội bộ, không phải trang bản quyền sách. Chưa xác định có ISBN hoặc nhà xuất bản; không gán trường đại học làm nhà xuất bản khi chưa có chứng cứ."
5564,Giáo trình Quản lý và Marketing điểm đến du lịch,REVIEW,REVIEW,ISBN_METADATA_CONFLICT,ISBN_METADATA_CONFLICT,,,https://csdlkhoahoc.hueuni.edu.vn/index.php/book/detail/5564,Đã đọc lại nguồn Đại học Huế và tra mục lục Thư viện Quốc gia; chưa đủ căn cứ bổ sung các trường còn thiếu cho đúng ấn bản.
4824,Khoáng vật và phương pháp xác định khoáng vật,REVIEW,REVIEW,ISBN_MISSING,EDITION_YEAR_REVIEW;ISBN_MISSING,,,https://csdlkhoahoc.hueuni.edu.vn/index.php/book/detail/4824; https://opac.nlv.gov.vn/chi-tiet-tai-lieu/giao-trinh-khoang-vat--phuong-phap-xac-202610625000813195349,Đúng nhan đề và tác giả nhưng mục lục ghi năm 2023; nguồn ghi 2024.
5461,GIÁO TRÌNH MODULE 13 HỆ THẦN KINH VÀ NỘI TIẾT,REVIEW,REVIEW,TOO_LONG_AUTHOR,TOO_LONG_AUTHOR,,,https://csdlkhoahoc.hueuni.edu.vn/index.php/book/detail/5461,"Danh sách tác giả nguồn vượt 255 ký tự. Giữ nguyên đầy đủ; đây là giới hạn trường nhập, không phải thiếu thông tin để tự cắt tên. Cần quyết định cách lưu tác giả đầy đủ trước khi nhập."
5903,Giáo trình Luật Hôn nhân và gia đình Việt Nam,REVIEW,READY,AUTHOR_METADATA_REVIEW,,,,https://csdlkhoahoc.hueuni.edu.vn/index.php/book/detail/5903; https://csdlkhoahoc.hueuni.edu.vn/data/2024/7/GT_LUẬT_HNGD.pdf,"Trang 2 tệp sách xác nhận Hoàng Thị Hải Yến và Đoàn Đức Lương đồng chủ biên, cùng danh sách thành viên biên soạn. Khác biệt danh sách tác giả giữa các hồ sơ không phải sách khác; giữ danh sách nguồn đầy đủ và liên kết bản trùng."
5148,Module 9- Hệ tim mạch,REVIEW,REVIEW,ISBN_MISSING,EDITION_YEAR_REVIEW;ISBN_MISSING,,,https://csdlkhoahoc.hueuni.edu.vn/index.php/book/detail/5148; https://opac.nlv.gov.vn/chi-tiet-tai-lieu/giao-trinh-module-9---he-tim-mach-202610360410813194617,Mục lục ghi bản 2023; nguồn ghi 2024. Cần xác minh tái bản trước khi dùng ISBN.
5221,Giáo trình Ngôn ngữ văn bản Pháp luật tiếng Trung Quốc,REVIEW,REVIEW,ISBN_MISSING;POSSIBLE_DUPLICATE_TITLE,ISBN_MISSING,,,https://csdlkhoahoc.hueuni.edu.vn/index.php/book/detail/5221,Đã đọc lại nguồn Đại học Huế và tra mục lục Thư viện Quốc gia; chưa đủ căn cứ bổ sung các trường còn thiếu cho đúng ấn bản.
4905,Đại số Tuyến tính I,REVIEW,READY,ISBN_MISSING;MISSING_PUBLISHER,,,isbn_raw; publisher,https://csdlkhoahoc.hueuni.edu.vn/index.php/book/detail/4905; https://opac.nlv.gov.vn/chi-tiet-tai-lieu/giao-trinh-dai-so-tuyen-tinh-1-202610624990813195349,"Bổ sung/đính chính ISBN theo MARC 020 của Thư viện Quốc gia; đã đối chiếu nhan đề, tác giả, nhà xuất bản và năm với bản ghi nguồn."
5141,Linear Algebra 1,REVIEW,READY,ISBN_MISSING;MISSING_PUBLISHER,,,isbn_raw; publisher,https://csdlkhoahoc.hueuni.edu.vn/index.php/book/detail/5141; https://opac.nlv.gov.vn/chi-tiet-tai-lieu/linear-algebra-1-202610686310813200046,"Bổ sung/đính chính ISBN theo MARC 020 của Thư viện Quốc gia; đã đối chiếu nhan đề, tác giả, nhà xuất bản và năm với bản ghi nguồn."
5776,Giáo trình triệu chứng học nội khoa,REVIEW,REVIEW,ISBN_MISSING,EDITION_YEAR_REVIEW;ISBN_MISSING,,,https://csdlkhoahoc.hueuni.edu.vn/index.php/book/detail/5776; https://opac.nlv.gov.vn/chi-tiet-tai-lieu/giao-trinh-dai-hoc-trieu-chung-hoc-noi-202610662830813195856,"Mục lục ghi bản 2025, nguồn ghi 2024. Cần trang bản quyền để phân biệt ấn bản."
5389,Quản lý năng suất và chất lượng,REVIEW,REVIEW,TOO_LONG_AUTHOR,TOO_LONG_AUTHOR,,,https://csdlkhoahoc.hueuni.edu.vn/index.php/book/detail/5389,"Danh sách tác giả nguồn vượt 255 ký tự. Giữ nguyên đầy đủ; đây là giới hạn trường nhập, không phải thiếu thông tin để tự cắt tên. Cần quyết định cách lưu tác giả đầy đủ trước khi nhập."
5305,Giáo trình Luật Hôn nhân và gia đình Việt Nam,REVIEW,DUPLICATE,ISBN_INVALID,,5903,title; isbn_raw; publication_year,https://csdlkhoahoc.hueuni.edu.vn/index.php/book/detail/5305; https://csdlkhoahoc.hueuni.edu.vn/data/2024/7/GT_LUẬT_HNGD.pdf; https://opac.nlv.gov.vn/chi-tiet-tai-lieu/giao-trinh-luat-hon-nhan-va-gia-dinh-vie-202610231910813194226,Tệp đính kèm ghi mã xuất bản năm 2024 và ISBN 978-604-72-6772-9; mục lục Thư viện Quốc gia cũng xác nhận năm 2024. Sửa năm 2023 và tiền tố ISBN 987 ở nguồn.
5119,Cơ sở Tự nhiên Xã hội 2 (Lịch sử - Địa lý),REVIEW,REVIEW,ISBN_INVALID,EDITION_YEAR_REVIEW,,isbn_raw,https://csdlkhoahoc.hueuni.edu.vn/index.php/book/detail/5119; https://opac.nlv.gov.vn/chi-tiet-tai-lieu/giao-trinh-co-so-tu-nhien---xa-hoi-2-li-20268954580813191701; https://csdlkhoahoc.hueuni.edu.vn/data/2023/5/Chi_Lang_-Ly_lich_khoa_hoc.pdf,"Thư viện Quốc gia ghi ISBN hợp lệ 9786049747052 cho bản 2020, khớp nhan đề và hai tác giả. Hồ sơ tác giả cũng ghi năm 2020 nhưng in ISBN sai checksum. Nguồn sách hiện ghi 2023; cần xác minh năm trước khi nhập."
5282,Giáo trình Luật hình sự Việt Nam phần các tội phạm,REVIEW,READY,ISBN_INVALID;POSSIBLE_DUPLICATE_TITLE,,,isbn_raw; author,https://csdlkhoahoc.hueuni.edu.vn/index.php/book/detail/5282; https://csdlkhoahoc.hueuni.edu.vn/data/2025/1/giao_trinh_luat_hs_phan_toi_pham_2023.pdf,Đối chiếu trang bìa và mã vạch ở trang 8 của tệp sách: 978-604-81-3192-0; chủ biên Hà Lệ Thủy. Trường tác giả dùng trách nhiệm chính ghi trên bìa; tên người tham gia ban đầu vẫn nằm trong original_author.
5488,Giáo trình luật hình sự Việt Nam phần các tội phạm,REVIEW,DUPLICATE,ISBN_MISSING;POSSIBLE_DUPLICATE_TITLE,,5282,isbn_raw; author,https://csdlkhoahoc.hueuni.edu.vn/index.php/book/detail/5488; https://csdlkhoahoc.hueuni.edu.vn/data/2025/1/giao_trinh_luat_hs_phan_toi_pham_2023.pdf,Đối chiếu trang bìa và mã vạch ở trang 8 của tệp sách: 978-604-81-3192-0; chủ biên Hà Lệ Thủy. Trường tác giả dùng trách nhiệm chính ghi trên bìa; tên người tham gia ban đầu vẫn nằm trong original_author.
5103,"Giáo trình sau đại học Hồi sức cấp cứu tập 1, 2",REVIEW,REVIEW,ISBN_MISSING;POSSIBLE_DUPLICATE_TITLE,EDITION_YEAR_REVIEW;ISBN_MISSING;POSSIBLE_DUPLICATE_TITLE,,,https://csdlkhoahoc.hueuni.edu.vn/index.php/book/detail/5103; https://opac.nlv.gov.vn/chi-tiet-tai-lieu/giao-trinh-sau-dai-hoc-hoi-suc-cap-cuu-202610779070813195621,"Nguồn gộp tập 1 và 2 năm 2023. Kết quả là từng tập tái bản 2025, mỗi tập có ISBN riêng; không gán ISBN của một tập cho cả bộ."
5178,Giáo trình tiếng Việt A2,REVIEW,REVIEW,ISBN_MISSING;MISSING_AUTHOR,EDITION_YEAR_REVIEW;ISBN_MISSING;MISSING_AUTHOR,,,https://csdlkhoahoc.hueuni.edu.vn/index.php/book/detail/5178; https://opac.nlv.gov.vn/chi-tiet-tai-lieu/giao-trinh-tieng-viet-trinh-do-a2-202610651970813195321,Nguồn thiếu cả tác giả; tìm thấy sách A2 năm 2024 nhưng chưa chứng minh đúng bản 2023 này.
5225,Giáo trình tiếng Việt trình độ A1,REVIEW,REVIEW,ISBN_MISSING,EDITION_YEAR_REVIEW;ISBN_MISSING,,,https://csdlkhoahoc.hueuni.edu.vn/index.php/book/detail/5225; https://opac.nlv.gov.vn/chi-tiet-tai-lieu/giao-trinh-tieng-viet-trinh-do-a1-202610651960813195321,"Có bản 2024 và tái bản cùng năm với ISBN khác; nguồn ghi 2023, chưa đủ căn cứ chọn ISBN."
5839,Sinh lý học thực vật,REVIEW,REVIEW,ISBN_MISSING,EDITION_YEAR_REVIEW;ISBN_MISSING,,,https://csdlkhoahoc.hueuni.edu.vn/index.php/book/detail/5839; https://opac.nlv.gov.vn/chi-tiet-tai-lieu/giao-trinh-sinh-ly-hoc-thuc-vat-202610751110813195658,"Đúng nhóm tác giả nhưng mục lục ghi bản 2025, nguồn ghi 2023. Giữ để kiểm tra ấn bản."
5369,Giáo trình tiếng Việt trình độ A2,REVIEW,REVIEW,ISBN_MISSING,EDITION_YEAR_REVIEW;ISBN_MISSING,,,https://csdlkhoahoc.hueuni.edu.vn/index.php/book/detail/5369; https://opac.nlv.gov.vn/chi-tiet-tai-lieu/giao-trinh-tieng-viet-trinh-do-a2-202610651970813195321,Tìm thấy bản A2 năm 2024; nguồn ghi 2023. Chưa dùng ISBN của bản 2024 cho bản 2023.
5092,CHỌN GIỐNG VÀ NHÂN GIỐNG VẬT NUÔI,REVIEW,REVIEW,POSSIBLE_DUPLICATE_TITLE,POSSIBLE_DUPLICATE_TITLE,,,https://csdlkhoahoc.hueuni.edu.vn/index.php/book/detail/5092,Đã đọc lại nguồn Đại học Huế và tra mục lục Thư viện Quốc gia; chưa đủ căn cứ bổ sung các trường còn thiếu cho đúng ấn bản.
5144,Giáo trình Module 25: Y học cổ truyền - Phục hồi chức năng,REVIEW,REVIEW,TOO_LONG_AUTHOR,TOO_LONG_AUTHOR,,,https://csdlkhoahoc.hueuni.edu.vn/index.php/book/detail/5144,"Danh sách tác giả nguồn vượt 255 ký tự. Giữ nguyên đầy đủ; đây là giới hạn trường nhập, không phải thiếu thông tin để tự cắt tên. Cần quyết định cách lưu tác giả đầy đủ trước khi nhập."
5122,"Giáo trình sau đại học Hồi sức cấp cứu tập 1,2",REVIEW,REVIEW,ISBN_MISSING;POSSIBLE_DUPLICATE_TITLE,EDITION_YEAR_REVIEW;ISBN_MISSING;POSSIBLE_DUPLICATE_TITLE,,,https://csdlkhoahoc.hueuni.edu.vn/index.php/book/detail/5122; https://opac.nlv.gov.vn/chi-tiet-tai-lieu/giao-trinh-sau-dai-hoc-hoi-suc-cap-cuu-202610779070813195621,Nguồn gộp tập 1 và 2 năm 2023. Phải xác minh và tách từng tập khi biên mục; chưa thay dữ liệu thành một tập tái bản 2025.
5511,Tội phạm học,REVIEW,READY,AUTHOR_METADATA_REVIEW,,,author,https://csdlkhoahoc.hueuni.edu.vn/index.php/book/detail/5511; https://hul.edu.vn/vi/unit_news/trung-tam-thong-tin-thu-vien/giao-trinh-toi-pham-hoc,Thư viện Đại học Luật Huế xác nhận hai người là đồng chủ biên bản 2023. Hai hồ sơ nguồn chỉ kê riêng từng người; giữ thông tin gốc để truy vết.
5176,Miễn dịch học thuỷ sản ứng dụng,REVIEW,READY,ISBN_INVALID,,,isbn_raw,https://csdlkhoahoc.hueuni.edu.vn/index.php/book/detail/5176; https://opac.nlv.gov.vn/chi-tiet-tai-lieu/giao-trinh-mien-dich-hoc-thuy-san-ung-du-202610403900813194701,"Bổ sung/đính chính ISBN theo MARC 020 của Thư viện Quốc gia; đã đối chiếu nhan đề, tác giả, nhà xuất bản và năm với bản ghi nguồn."
5046,Giáo trình từ vựng học tiếng Nhật,REVIEW,REVIEW,ISBN_MISSING;POSSIBLE_DUPLICATE_TITLE,ISBN_MISSING;POSSIBLE_DUPLICATE_TITLE,,,https://csdlkhoahoc.hueuni.edu.vn/index.php/book/detail/5046,Đã đọc lại nguồn Đại học Huế và tra mục lục Thư viện Quốc gia; chưa đủ căn cứ bổ sung các trường còn thiếu cho đúng ấn bản.
5234,Giáo trình từ vựng học tiếng Nhật,REVIEW,REVIEW,ISBN_MISSING;POSSIBLE_DUPLICATE_TITLE,ISBN_MISSING;POSSIBLE_DUPLICATE_TITLE,,,https://csdlkhoahoc.hueuni.edu.vn/index.php/book/detail/5234,Đã đọc lại nguồn Đại học Huế và tra mục lục Thư viện Quốc gia; chưa đủ căn cứ bổ sung các trường còn thiếu cho đúng ấn bản.
5048,Materials Development and Adaptation in English Language Teaching,REVIEW,REVIEW,ISBN_MISSING,ISBN_MISSING,,,https://csdlkhoahoc.hueuni.edu.vn/index.php/book/detail/5048,Đã đọc lại nguồn Đại học Huế và tra mục lục Thư viện Quốc gia; chưa đủ căn cứ bổ sung các trường còn thiếu cho đúng ấn bản.
5149,Mô Học,REVIEW,REVIEW,ISBN_MISSING,ISBN_MISSING,,,https://csdlkhoahoc.hueuni.edu.vn/index.php/book/detail/5149,Đã đọc lại nguồn Đại học Huế và tra mục lục Thư viện Quốc gia; chưa đủ căn cứ bổ sung các trường còn thiếu cho đúng ấn bản.
5858,Ngoại bệnh lý,REVIEW,REVIEW,ISBN_MISSING,ISBN_MISSING,,,https://csdlkhoahoc.hueuni.edu.vn/index.php/book/detail/5858,Đã đọc lại nguồn Đại học Huế và tra mục lục Thư viện Quốc gia; chưa đủ căn cứ bổ sung các trường còn thiếu cho đúng ấn bản.
5042,Nguyên Lý Kế Toán,REVIEW,REVIEW,EDITION_YEAR_REVIEW;ISBN_MISSING,EDITION_YEAR_REVIEW;ISBN_MISSING,,,https://csdlkhoahoc.hueuni.edu.vn/index.php/book/detail/5042,Đã đọc lại nguồn Đại học Huế và tra mục lục Thư viện Quốc gia; chưa đủ căn cứ bổ sung các trường còn thiếu cho đúng ấn bản.
5230,Chọn giống và nhân giống vật nuôi,REVIEW,REVIEW,ISBN_MISSING;POSSIBLE_DUPLICATE_TITLE,ISBN_MISSING;POSSIBLE_DUPLICATE_TITLE,,,https://csdlkhoahoc.hueuni.edu.vn/index.php/book/detail/5230,Đã đọc lại nguồn Đại học Huế và tra mục lục Thư viện Quốc gia; chưa đủ căn cứ bổ sung các trường còn thiếu cho đúng ấn bản.
5295,GIÁO TRÌNH LUẬT TỐ TỤNG DÂN SỰ VIỆT NAM,REVIEW,DUPLICATE,ISBN_METADATA_CONFLICT,,5707,,https://csdlkhoahoc.hueuni.edu.vn/index.php/book/detail/5295,Đã đọc lại nguồn Đại học Huế và tra mục lục Thư viện Quốc gia; chưa đủ căn cứ bổ sung các trường còn thiếu cho đúng ấn bản.
5707,Giáo trình Luật tố tụng dân sự Việt Nam,REVIEW,REVIEW,ISBN_METADATA_CONFLICT,AUTHOR_METADATA_REVIEW,,publisher,https://csdlkhoahoc.hueuni.edu.vn/index.php/book/detail/5707; https://nlv.gov.vn/dmdocuments/tmqg-12-2023.pdf,"Thư mục Quốc gia tháng 12/2023, mục 272, xác nhận nhan đề, hai chủ biên, năm 2023 và NXB Công an nhân dân. Sửa nhà xuất bản Tư pháp; khác biệt danh sách người tham gia vẫn cần kiểm tra."
5904,Giáo trình Tư pháp quốc tế,REVIEW,REVIEW,AUTHOR_METADATA_REVIEW,AUTHOR_METADATA_REVIEW,,,https://csdlkhoahoc.hueuni.edu.vn/index.php/book/detail/5904,Đã đọc lại nguồn Đại học Huế và tra mục lục Thư viện Quốc gia; chưa đủ căn cứ bổ sung các trường còn thiếu cho đúng ấn bản.
4997,Đạo đức kinh doanh,REVIEW,REVIEW,ISBN_MISSING,ISBN_MISSING,,,https://csdlkhoahoc.hueuni.edu.vn/index.php/book/detail/4997,Đã đọc lại nguồn Đại học Huế và tra mục lục Thư viện Quốc gia; chưa đủ căn cứ bổ sung các trường còn thiếu cho đúng ấn bản.
4996,Giáo trình giáo dục di sản trong nhà trường phổ thông,REVIEW,REVIEW,ISBN_MISSING,ISBN_MISSING,,,https://csdlkhoahoc.hueuni.edu.vn/index.php/book/detail/4996,Đã đọc lại nguồn Đại học Huế và tra mục lục Thư viện Quốc gia; chưa đủ căn cứ bổ sung các trường còn thiếu cho đúng ấn bản.
5387,ĐẤT NƯỚC HỌC TRUNG QUỐC,REVIEW,REVIEW,ISBN_INVALID;POSSIBLE_DUPLICATE_TITLE,AUTHOR_METADATA_REVIEW;EDITION_YEAR_REVIEW,,isbn_raw,https://csdlkhoahoc.hueuni.edu.vn/index.php/book/detail/5387; https://lib.huflis.edu.vn/opac/DmdInfo.aspx?mnuid=141&dmd_id=22684; https://opac.nlv.gov.vn/chi-tiet-tai-lieu/giao-trinh-dat-nuoc-hoc-trung-quoc-202610651830813195321,"MARC 020 của thư viện Đại học Ngoại ngữ Huế xác nhận 9786043996500, năm 2023. Thư viện Quốc gia ghi cùng ISBN nhưng năm 2024, số trang khác; chưa kết luận ấn bản. Giữ các năm gốc và yêu cầu xem trang bản quyền."
5788,ĐẤT NƯỚC HỌC TRUNG QUỐC,REVIEW,DUPLICATE,ISBN_INVALID;POSSIBLE_DUPLICATE_TITLE,EDITION_YEAR_REVIEW,5387,isbn_raw,https://csdlkhoahoc.hueuni.edu.vn/index.php/book/detail/5788; https://lib.huflis.edu.vn/opac/DmdInfo.aspx?mnuid=141&dmd_id=22684; https://opac.nlv.gov.vn/chi-tiet-tai-lieu/giao-trinh-dat-nuoc-hoc-trung-quoc-202610651830813195321,"MARC 020 của thư viện Đại học Ngoại ngữ Huế xác nhận 9786043996500, năm 2023. Thư viện Quốc gia ghi cùng ISBN nhưng năm 2024, số trang khác; chưa kết luận ấn bản. Giữ các năm gốc và yêu cầu xem trang bản quyền."
4931,Giáo trình Miễn dịch học Thú y,REVIEW,REVIEW,ISBN_MISSING,ISBN_MISSING,,,https://csdlkhoahoc.hueuni.edu.vn/index.php/book/detail/4931,Đã đọc lại nguồn Đại học Huế và tra mục lục Thư viện Quốc gia; chưa đủ căn cứ bổ sung các trường còn thiếu cho đúng ấn bản.
4886,Bài giảng Ngôn ngữ mô hình hoá UML,REVIEW,REVIEW,ISBN_MISSING;MISSING_PUBLISHER,INTERNAL_TEACHING_MATERIAL;ISBN_MISSING;MISSING_PUBLISHER,,,https://csdlkhoahoc.hueuni.edu.vn/index.php/book/detail/4886; https://csdlkhoahoc.hueuni.edu.vn/data/2023/6/CamScanner_06-20-2023_17_10.pdf,"Tệp đính kèm là biên bản nghiệm thu bài giảng nội bộ, không phải trang bản quyền sách. Chưa xác định có ISBN hoặc nhà xuất bản; không gán trường đại học làm nhà xuất bản khi chưa có chứng cứ."
4865,Giáo dục môi trường đại cương,REVIEW,REVIEW,TOO_LONG_AUTHOR,TOO_LONG_AUTHOR,,,https://csdlkhoahoc.hueuni.edu.vn/index.php/book/detail/4865,"Danh sách tác giả nguồn vượt 255 ký tự. Giữ nguyên đầy đủ; đây là giới hạn trường nhập, không phải thiếu thông tin để tự cắt tên. Cần quyết định cách lưu tác giả đầy đủ trước khi nhập."
4821,HỆ THỐNG HỖ TRỢ BIÊN DỊCH BẰNG MÁY TÍNH (COMPUTER-ASSISTED TRANSLATION SYSTEMS),REVIEW,REVIEW,ISBN_MISSING,EDITION_YEAR_REVIEW;ISBN_MISSING,,,https://csdlkhoahoc.hueuni.edu.vn/index.php/book/detail/4821; https://opac.nlv.gov.vn/chi-tiet-tai-lieu/computer---assisted-translation-systems-20269898620813193602,"Mục lục hai thư viện cùng ghi bản 2022, trong khi nguồn ghi 2023; chưa xác minh đây là cùng ấn bản."
5091,"Giáo trình thực hành ""Một số dạng bào chế đặc biệt""",REVIEW,READY,ISBN_INVALID,,,isbn_raw,https://csdlkhoahoc.hueuni.edu.vn/index.php/book/detail/5091; https://opac.nlv.gov.vn/chi-tiet-tai-lieu/giao-trinh-thuc-hanh-mot-so-dang-bao-che-202610305480813194500,"Bổ sung/đính chính ISBN theo MARC 020 của Thư viện Quốc gia; đã đối chiếu nhan đề, tác giả, nhà xuất bản và năm với bản ghi nguồn."
4801,Giáo trình Phân tích sinh kế nông thôn,REVIEW,READY,ISBN_INVALID,,,isbn_raw,https://csdlkhoahoc.hueuni.edu.vn/index.php/book/detail/4801; https://opac.nlv.gov.vn/chi-tiet-tai-lieu/giao-trinh-phan-tich-sinh-ke-nong-thon-202610012230813193707,"Bổ sung/đính chính ISBN theo MARC 020 của Thư viện Quốc gia; đã đối chiếu nhan đề, tác giả, nhà xuất bản và năm với bản ghi nguồn."
5857,Ngoại cơ sở,REVIEW,REVIEW,ISBN_MISSING,ISBN_MISSING,,,https://csdlkhoahoc.hueuni.edu.vn/index.php/book/detail/5857,Đã đọc lại nguồn Đại học Huế và tra mục lục Thư viện Quốc gia; chưa đủ căn cứ bổ sung các trường còn thiếu cho đúng ấn bản.
