source_id,field,before,verified_value,output_value,sources,notes
6020,publisher,,NXB Đại học Huế,NXB Đại học Huế,https://csdlkhoahoc.hueuni.edu.vn/index.php/book/detail/6020; https://csdlkhoahoc.hueuni.edu.vn/data/2026/9/GiaoTrinhLinkedData.pdf,"Trang tên của tệp đính kèm ghi NXB Đại học Huế, 2026. Không thấy ISBN trong phần biên mục; giữ thiếu ISBN, mã GT/12-2026 không phải ISBN."
5966,isbn_raw,,9786326272918,9786326272918,https://csdlkhoahoc.hueuni.edu.vn/index.php/book/detail/5966; https://opac.nlv.gov.vn/chi-tiet-tai-lieu/giao-trinh-dien-hoa-hoc-202611304130813201146,"Bổ sung/đính chính ISBN theo MARC 020 của Thư viện Quốc gia; đã đối chiếu nhan đề, tác giả, nhà xuất bản và năm với bản ghi nguồn."
5815,isbn_raw,978-632-627-126-7,9786326271263,9786326271263,https://csdlkhoahoc.hueuni.edu.vn/index.php/book/detail/5815; https://opac.nlv.gov.vn/chi-tiet-tai-lieu/giao-trinh-ly-thuyet-truong-dien-tu-202611014710813200219; https://csdlkhoahoc.hueuni.edu.vn/data/2026/7/Giao_trinh_Ly_thuyet_truong_dien_tu.pdf,"Bổ sung/đính chính ISBN theo MARC 020 của Thư viện Quốc gia; đã đối chiếu nhan đề, tác giả, nhà xuất bản và năm với bản ghi nguồn. Trang bản quyền đính kèm cũng in 978-632-627-126-7 (sai checksum); mã 9786326271263 lấy từ thư viện, không phải tự tính rồi đoán mã thay thế."
5739,isbn_raw,,9786326270235,9786326270235,https://csdlkhoahoc.hueuni.edu.vn/index.php/book/detail/5739; https://opac.nlv.gov.vn/chi-tiet-tai-lieu/giao-trinh-san-xuat-cay-trong-thich-ung-202611278050813200856,"Bổ sung/đính chính ISBN theo MARC 020 của Thư viện Quốc gia; đã đối chiếu nhan đề, tác giả, nhà xuất bản và năm với bản ghi nguồn."
5631,isbn_raw,,9786044890845,9786044890845,https://csdlkhoahoc.hueuni.edu.vn/index.php/book/detail/5631; https://csdlkhoahoc.hueuni.edu.vn/data/2025/7/2__Quyet_dinh_xuat_ban.pdf; https://opac.nlv.gov.vn/chi-tiet-tai-lieu/textbook-inorganic-chemistry-202610687650813200048,"Quyết định xuất bản đính kèm ngày 23/02/2024 ghi ISBN 978-604-489-084-5; Thư viện Quốc gia ghi bản 2024. Nguồn đang ghi 2025 và còn một ISBN khác của bản 2024, nên chưa tự đổi năm hoặc coi đã xác minh đủ ấn bản."
5591,title,Giáo trình đại học Lâm sàng Nhi khoa (Dành cho đối tượng sinh viên ngành Y khoa),Giáo trình đại học: Lâm sàng Nhi khoa - Tập 1 (Dành cho sinh viên ngành Y khoa),Giáo trình đại học: Lâm sàng Nhi khoa - Tập 1 (Dành cho sinh viên ngành Y khoa),https://csdlkhoahoc.hueuni.edu.vn/index.php/book/detail/5591; https://opac.nlv.gov.vn/chi-tiet-tai-lieu/giao-trinh-dai-hoc-lam-sang-nhi-khoa-t-202610827930813195843,"ISBN 9786044898810 là Tập 1, 2025 theo MARC 245/260. Bổ sung số tập để tránh hiểu là cả bộ. Giữ danh sách tác giả đầy đủ; vẫn cần xử lý giới hạn 255 ký tự."
5667,isbn_raw,,9786044897714,9786044897714,https://csdlkhoahoc.hueuni.edu.vn/index.php/book/detail/5667; https://opac.nlv.gov.vn/chi-tiet-tai-lieu/giao-trinh-thu-y-co-ban-202610818150813195825,"Bổ sung/đính chính ISBN theo MARC 020 của Thư viện Quốc gia; đã đối chiếu nhan đề, tác giả, nhà xuất bản và năm với bản ghi nguồn."
5630,publisher,,NXB Giáo dục Việt Nam,NXB Giáo dục Việt Nam,https://csdlkhoahoc.hueuni.edu.vn/index.php/book/detail/5630; https://opac.nlv.gov.vn/chi-tiet-tai-lieu/giao-trinh-to-chuc-hoat-dong-trai-nghiem-202610726070813195754,"ISBN, nhan đề, tác giả và năm 2025 khớp mục lục Thư viện Quốc gia; bổ sung nhà xuất bản từ MARC 260."
5781,isbn_raw,,9786044896694,9786044896694,https://csdlkhoahoc.hueuni.edu.vn/index.php/book/detail/5781; https://opac.nlv.gov.vn/chi-tiet-tai-lieu/giao-trinh-tham-do-chuc-nang-tim-mach-202610827320813195540,"Bổ sung/đính chính ISBN theo MARC 020 của Thư viện Quốc gia; đã đối chiếu nhan đề, tác giả, nhà xuất bản và năm với bản ghi nguồn."
5459,title,Giáo trình Module 27 Tâm Thần - Thàn KInh,Giáo trình Module 27: Tâm thần - Thần kinh,Giáo trình Module 27: Tâm thần - Thần kinh,https://csdlkhoahoc.hueuni.edu.vn/index.php/book/detail/5459; https://opac.nlv.gov.vn/chi-tiet-tai-lieu/giao-trinh-module-27---tam-than-than-ki-202610352830813194848; https://opac.nlv.gov.vn/chi-tiet-tai-lieu/giao-trinh-module-27---tam-than-than-ki-202610778790813195521,"MARC 020 xác nhận tiền tố 978, cùng nội dung và tác giả. Tuy nhiên ISBN này thuộc bản 2023; bản tái bản 2024 có ISBN 9786044893921. Giữ cờ năm/ấn bản để kiểm tra, không chọn thay ISBN theo năm một cách tự động."
5459,isbn_raw,987-604-399-471-1,9786043994711,9786043994711,https://csdlkhoahoc.hueuni.edu.vn/index.php/book/detail/5459; https://opac.nlv.gov.vn/chi-tiet-tai-lieu/giao-trinh-module-27---tam-than-than-ki-202610352830813194848; https://opac.nlv.gov.vn/chi-tiet-tai-lieu/giao-trinh-module-27---tam-than-than-ki-202610778790813195521,"MARC 020 xác nhận tiền tố 978, cùng nội dung và tác giả. Tuy nhiên ISBN này thuộc bản 2023; bản tái bản 2024 có ISBN 9786044893921. Giữ cờ năm/ấn bản để kiểm tra, không chọn thay ISBN theo năm một cách tự động."
5329,isbn_raw,,9786043995398,9786043995398,https://csdlkhoahoc.hueuni.edu.vn/index.php/book/detail/5329; https://opac.nlv.gov.vn/chi-tiet-tai-lieu/giao-trinh-hoa-hoc-cong-nghe-va-moi-truo-202610650460813195325,"Bổ sung/đính chính ISBN theo MARC 020 của Thư viện Quốc gia; đã đối chiếu nhan đề, tác giả, nhà xuất bản và năm với bản ghi nguồn."
5435,isbn_raw,,9786044894522,9786044894522,https://csdlkhoahoc.hueuni.edu.vn/index.php/book/detail/5435; https://opac.nlv.gov.vn/chi-tiet-tai-lieu/giao-trinh-vat-ly---ly-sinh-202610778850813195522,"Bổ sung/đính chính ISBN theo MARC 020 của Thư viện Quốc gia; đã đối chiếu nhan đề, tác giả, nhà xuất bản và năm với bản ghi nguồn."
5315,isbn_raw,978- 604-43 -0732 - 2,9786044307312,9786044307312,https://csdlkhoahoc.hueuni.edu.vn/index.php/book/detail/5315; https://opac.nlv.gov.vn/chi-tiet-tai-lieu/giao-trinh-nhiet-hoc-202610290610813194619,"Bổ sung/đính chính ISBN theo MARC 020 của Thư viện Quốc gia; đã đối chiếu nhan đề, tác giả, nhà xuất bản và năm với bản ghi nguồn."
4417,isbn_raw,,9786044894478,9786044894478,https://csdlkhoahoc.hueuni.edu.vn/index.php/book/detail/4417; https://opac.nlv.gov.vn/chi-tiet-tai-lieu/giao-trinh-giao-duc-hoc-2-202610621500813195219,"Bổ sung/đính chính ISBN theo MARC 020 của Thư viện Quốc gia; đã đối chiếu nhan đề, tác giả, nhà xuất bản và năm với bản ghi nguồn."
4905,isbn_raw,,9786044892337,9786044892337,https://csdlkhoahoc.hueuni.edu.vn/index.php/book/detail/4905; https://opac.nlv.gov.vn/chi-tiet-tai-lieu/giao-trinh-dai-so-tuyen-tinh-1-202610624990813195349,"Bổ sung/đính chính ISBN theo MARC 020 của Thư viện Quốc gia; đã đối chiếu nhan đề, tác giả, nhà xuất bản và năm với bản ghi nguồn."
4905,publisher,,NXB Đại học Huế,NXB Đại học Huế,https://csdlkhoahoc.hueuni.edu.vn/index.php/book/detail/4905; https://opac.nlv.gov.vn/chi-tiet-tai-lieu/giao-trinh-dai-so-tuyen-tinh-1-202610624990813195349,"Bổ sung/đính chính ISBN theo MARC 020 của Thư viện Quốc gia; đã đối chiếu nhan đề, tác giả, nhà xuất bản và năm với bản ghi nguồn."
5141,isbn_raw,,9786044892412,9786044892412,https://csdlkhoahoc.hueuni.edu.vn/index.php/book/detail/5141; https://opac.nlv.gov.vn/chi-tiet-tai-lieu/linear-algebra-1-202610686310813200046,"Bổ sung/đính chính ISBN theo MARC 020 của Thư viện Quốc gia; đã đối chiếu nhan đề, tác giả, nhà xuất bản và năm với bản ghi nguồn."
5141,publisher,,NXB Đại học Huế,NXB Đại học Huế,https://csdlkhoahoc.hueuni.edu.vn/index.php/book/detail/5141; https://opac.nlv.gov.vn/chi-tiet-tai-lieu/linear-algebra-1-202610686310813200046,"Bổ sung/đính chính ISBN theo MARC 020 của Thư viện Quốc gia; đã đối chiếu nhan đề, tác giả, nhà xuất bản và năm với bản ghi nguồn."
5305,title,Giáo trình Luật Hôn nhân và gia đình,Giáo trình Luật Hôn nhân và gia đình Việt Nam,Giáo trình Luật Hôn nhân và gia đình Việt Nam,https://csdlkhoahoc.hueuni.edu.vn/index.php/book/detail/5305; https://csdlkhoahoc.hueuni.edu.vn/data/2024/7/GT_LUẬT_HNGD.pdf; https://opac.nlv.gov.vn/chi-tiet-tai-lieu/giao-trinh-luat-hon-nhan-va-gia-dinh-vie-202610231910813194226,Tệp đính kèm ghi mã xuất bản năm 2024 và ISBN 978-604-72-6772-9; mục lục Thư viện Quốc gia cũng xác nhận năm 2024. Sửa năm 2023 và tiền tố ISBN 987 ở nguồn.
5305,isbn_raw,987-604-72-6772-9,9786047267729,9786047267729,https://csdlkhoahoc.hueuni.edu.vn/index.php/book/detail/5305; https://csdlkhoahoc.hueuni.edu.vn/data/2024/7/GT_LUẬT_HNGD.pdf; https://opac.nlv.gov.vn/chi-tiet-tai-lieu/giao-trinh-luat-hon-nhan-va-gia-dinh-vie-202610231910813194226,Tệp đính kèm ghi mã xuất bản năm 2024 và ISBN 978-604-72-6772-9; mục lục Thư viện Quốc gia cũng xác nhận năm 2024. Sửa năm 2023 và tiền tố ISBN 987 ở nguồn.
5305,publication_year,2023,2024,2024,https://csdlkhoahoc.hueuni.edu.vn/index.php/book/detail/5305; https://csdlkhoahoc.hueuni.edu.vn/data/2024/7/GT_LUẬT_HNGD.pdf; https://opac.nlv.gov.vn/chi-tiet-tai-lieu/giao-trinh-luat-hon-nhan-va-gia-dinh-vie-202610231910813194226,Tệp đính kèm ghi mã xuất bản năm 2024 và ISBN 978-604-72-6772-9; mục lục Thư viện Quốc gia cũng xác nhận năm 2024. Sửa năm 2023 và tiền tố ISBN 987 ở nguồn.
5119,isbn_raw,978-604-974-705-7,9786049747052,9786049747052,https://csdlkhoahoc.hueuni.edu.vn/index.php/book/detail/5119; https://opac.nlv.gov.vn/chi-tiet-tai-lieu/giao-trinh-co-so-tu-nhien---xa-hoi-2-li-20268954580813191701; https://csdlkhoahoc.hueuni.edu.vn/data/2023/5/Chi_Lang_-Ly_lich_khoa_hoc.pdf,"Thư viện Quốc gia ghi ISBN hợp lệ 9786049747052 cho bản 2020, khớp nhan đề và hai tác giả. Hồ sơ tác giả cũng ghi năm 2020 nhưng in ISBN sai checksum. Nguồn sách hiện ghi 2023; cần xác minh năm trước khi nhập."
5282,isbn_raw,978-604-81-3192,9786048131920,9786048131920,https://csdlkhoahoc.hueuni.edu.vn/index.php/book/detail/5282; https://csdlkhoahoc.hueuni.edu.vn/data/2025/1/giao_trinh_luat_hs_phan_toi_pham_2023.pdf,Đối chiếu trang bìa và mã vạch ở trang 8 của tệp sách: 978-604-81-3192-0; chủ biên Hà Lệ Thủy. Trường tác giả dùng trách nhiệm chính ghi trên bìa; tên người tham gia ban đầu vẫn nằm trong original_author.
5282,author,Hà Lệ Thủy(Chủ biên),Hà Lệ Thủy (Chủ biên),Hà Lệ Thủy (Chủ biên),https://csdlkhoahoc.hueuni.edu.vn/index.php/book/detail/5282; https://csdlkhoahoc.hueuni.edu.vn/data/2025/1/giao_trinh_luat_hs_phan_toi_pham_2023.pdf,Đối chiếu trang bìa và mã vạch ở trang 8 của tệp sách: 978-604-81-3192-0; chủ biên Hà Lệ Thủy. Trường tác giả dùng trách nhiệm chính ghi trên bìa; tên người tham gia ban đầu vẫn nằm trong original_author.
5488,isbn_raw,,9786048131920,9786048131920,https://csdlkhoahoc.hueuni.edu.vn/index.php/book/detail/5488; https://csdlkhoahoc.hueuni.edu.vn/data/2025/1/giao_trinh_luat_hs_phan_toi_pham_2023.pdf,Đối chiếu trang bìa và mã vạch ở trang 8 của tệp sách: 978-604-81-3192-0; chủ biên Hà Lệ Thủy. Trường tác giả dùng trách nhiệm chính ghi trên bìa; tên người tham gia ban đầu vẫn nằm trong original_author.
5488,author,Dương Thị Cẩm Nhung,Hà Lệ Thủy (Chủ biên),Hà Lệ Thủy (Chủ biên),https://csdlkhoahoc.hueuni.edu.vn/index.php/book/detail/5488; https://csdlkhoahoc.hueuni.edu.vn/data/2025/1/giao_trinh_luat_hs_phan_toi_pham_2023.pdf,Đối chiếu trang bìa và mã vạch ở trang 8 của tệp sách: 978-604-81-3192-0; chủ biên Hà Lệ Thủy. Trường tác giả dùng trách nhiệm chính ghi trên bìa; tên người tham gia ban đầu vẫn nằm trong original_author.
5511,author,Nguyễn Thị Bình(Chủ biên),"Hà Lệ Thủy, Nguyễn Thị Bình (Đồng chủ biên)","Hà Lệ Thủy, Nguyễn Thị Bình (Đồng chủ biên)",https://csdlkhoahoc.hueuni.edu.vn/index.php/book/detail/5511; https://hul.edu.vn/vi/unit_news/trung-tam-thong-tin-thu-vien/giao-trinh-toi-pham-hoc,Thư viện Đại học Luật Huế xác nhận hai người là đồng chủ biên bản 2023. Hai hồ sơ nguồn chỉ kê riêng từng người; giữ thông tin gốc để truy vết.
5176,isbn_raw,978-804-399-537-4,9786043995374,9786043995374,https://csdlkhoahoc.hueuni.edu.vn/index.php/book/detail/5176; https://opac.nlv.gov.vn/chi-tiet-tai-lieu/giao-trinh-mien-dich-hoc-thuy-san-ung-du-202610403900813194701,"Bổ sung/đính chính ISBN theo MARC 020 của Thư viện Quốc gia; đã đối chiếu nhan đề, tác giả, nhà xuất bản và năm với bản ghi nguồn."
5707,publisher,NXB Tư Pháp,NXB Công an nhân dân,NXB Công an nhân dân,https://csdlkhoahoc.hueuni.edu.vn/index.php/book/detail/5707; https://nlv.gov.vn/dmdocuments/tmqg-12-2023.pdf,"Thư mục Quốc gia tháng 12/2023, mục 272, xác nhận nhan đề, hai chủ biên, năm 2023 và NXB Công an nhân dân. Sửa nhà xuất bản Tư pháp; khác biệt danh sách người tham gia vẫn cần kiểm tra."
5387,isbn_raw,ISBN 978 604 339 650- 0,9786043996500,9786043996500,https://csdlkhoahoc.hueuni.edu.vn/index.php/book/detail/5387; https://lib.huflis.edu.vn/opac/DmdInfo.aspx?mnuid=141&dmd_id=22684; https://opac.nlv.gov.vn/chi-tiet-tai-lieu/giao-trinh-dat-nuoc-hoc-trung-quoc-202610651830813195321,"MARC 020 của thư viện Đại học Ngoại ngữ Huế xác nhận 9786043996500, năm 2023. Thư viện Quốc gia ghi cùng ISBN nhưng năm 2024, số trang khác; chưa kết luận ấn bản. Giữ các năm gốc và yêu cầu xem trang bản quyền."
5788,isbn_raw,ISBN 978 604 339 650- 0,9786043996500,9786043996500,https://csdlkhoahoc.hueuni.edu.vn/index.php/book/detail/5788; https://lib.huflis.edu.vn/opac/DmdInfo.aspx?mnuid=141&dmd_id=22684; https://opac.nlv.gov.vn/chi-tiet-tai-lieu/giao-trinh-dat-nuoc-hoc-trung-quoc-202610651830813195321,"MARC 020 của thư viện Đại học Ngoại ngữ Huế xác nhận 9786043996500, năm 2023. Thư viện Quốc gia ghi cùng ISBN nhưng năm 2024, số trang khác; chưa kết luận ấn bản. Giữ các năm gốc và yêu cầu xem trang bản quyền."
5091,isbn_raw,987-604-399-303-5,9786043993035,9786043993035,https://csdlkhoahoc.hueuni.edu.vn/index.php/book/detail/5091; https://opac.nlv.gov.vn/chi-tiet-tai-lieu/giao-trinh-thuc-hanh-mot-so-dang-bao-che-202610305480813194500,"Bổ sung/đính chính ISBN theo MARC 020 của Thư viện Quốc gia; đã đối chiếu nhan đề, tác giả, nhà xuất bản và năm với bản ghi nguồn."
4801,isbn_raw,976604950744,9786049507441,9786049507441,https://csdlkhoahoc.hueuni.edu.vn/index.php/book/detail/4801; https://opac.nlv.gov.vn/chi-tiet-tai-lieu/giao-trinh-phan-tich-sinh-ke-nong-thon-202610012230813193707,"Bổ sung/đính chính ISBN theo MARC 020 của Thư viện Quốc gia; đã đối chiếu nhan đề, tác giả, nhà xuất bản và năm với bản ghi nguồn."
